ean;marca;profilo;misura;stagione;prezzo_amazon;asin_attuale;titolo_attuale
8019227256093;PIRELLI ZO;PZero Corsa (PZC4)(F);315/35 R20 106Y;Summer;448.30;B01IK3JJGO;Pirelli PZERO CORSA(F) XL(P) 315/35Z/R20 106Y - E/A/74dB - Pneumatico Estivo
8019227267136;PIRELLI ZO;PZero (N0);315/30 R22 107Y;Summer;387.80;B07B536QHT;PIRELLI 315/30 R22 107Y Estivo XL Fuoristrada
4019238009125;CONTINENTAL WI;WinterContact TS860 S;295/30 R20 101W;Winter;376.80;B07JR4827S;GOMME PNEUMATICI WINTERCONTAC TS860 XL
4019238287684;CONTINENTAL WI;WinterContact 8 S;315/30 R21 105W;Winter;359.20;B0DJD7Z82X;Gomme invernali 315 30 R21 105W XL CONTINENTAL WinterContact 8 S
8019227382266;PIRELLI ZO;P-Zero (PZ4) (N0) Sports;325/30 R21 108Y;Summer;358.10;B0861KK52H;Gomme Pirelli Pzero pz4 sports car 325 30 ZR21 (108Y) TL Estivi per Auto
8019227278149;PIRELLI ZO;P-Zero (PZ4) Sports;315/25 R22 101Y;Summer;343.80;B01IK3J6JE;Pirelli PZERO SPORT XL TL 315/25Z/R22 101Y - C/A/71dB - Pneumatico Estivo
4019238009378;CONTINENTAL WI;WinterContact TS860 S SSR;315/35 R20 110V;Winter;327.30;B07JFH4YYN;Gomme Continental Wintercontact ts 860 s 315 35 R20 110V TL Invernali per Auto
8019227385168;PIRELLI ZO;P-Zero (PZ4) (NA1) Sports;315/30 R21 105Y;Summer;326.20;B08F5BZRLJ;Gomme Pirelli Pzero pz4 sports car 315 30 ZR21 (105Y) TL Estivi per Auto
3286342865713;BRIDGESTONE ZO;Potenza Sport L RFT;325/30 R21 108Y;Summer;319.60;B0GH27BP8X;BRIDGESTONE 325/30 ZR21 108Y Estivo XL Runflat Auto
4019238009200;CONTINENTAL WI;WinterContact TS860 S SSR;275/35 R19 100V;Winter;318.50;B07H46TN7V;Gomme Continental Wintercontact ts 860 s 275 35 R19 100V TL Invernali per Auto
3528706857461;MICHELIN ZO;Pilot Sport All Season 4 Acoustic LR;285/45 R22 114Y;Summer;314.10;B0F6NTWBMZ;Pneumatico Estate Michelin PILOT SPORT A/S 4 285/45R22 114Y ACOUSTIC
8019227361957;PIRELLI WI;Scorpion Winter (MO-S) NCS;275/45 R21 107V;Winter;313.00;B07WXJLDFS;Pirelli 275/45R21 107V Pneumatico invernales
8019227271027;PIRELLI ZO;P-Zero (PZ4) (MO) Sports;285/40 R23 107Y;Summer;306.95;B07VLHPZWS;GOMME PNEUMATICI P-ZERO (MO)(E)
4019238008807;CONTINENTAL WI;WinterContact TS860 S;235/35 R20 92W;Winter;306.40;B07JLVQSYL;GOMME PNEUMATICI WINTERCONTAC TS860S XL
8019227361377;PIRELLI ZO;P-Zero (PZ4) (AO) Sports;295/35 R23 108Y;Summer;304.20;B07Z32DK5T;PIRELLI 295/35ZR33 P-ZERO(AO) XL S.C TL 108Y SUMMER CA72 Cod:52089
8019227319507;PIRELLI ZO;P-Zero (PZ4) (F03) Sports;285/35 R20 104Y;Summer;303.10;B079RN1TP5;GOMME PNEUMATICI P-ZERO XL
8019227275407;PIRELLI ZO;P-Zero (PZ4) Sports;305/35 R20 107Y;Summer;295.40;B07D4LZXSH;Pneumatici P-ZERO SPORT XL
4019238287554;CONTINENTAL WI;WinterContact 8 S;275/40 R22 107V;Winter;294.30;B0DDNQTQFG;Gomme invernali 275 40 R22 107V XL CONTINENTAL WinterContact 8 S
3286342554211;BRIDGESTONE ZO;Turanza T005AD AO B-Silent;285/35 R22 106Y;Summer;293.20;B09V5RSCZ9;BRIDGESTONE 285/35 R22 106Y Estivo XL Fuoristrada
8019227398335;PIRELLI ZO;P-Zero (PZ4) (T1) NCS elt Luxury;275/35 R21 103W;Summer;292.10;B091JLZQGN;PIRELLI 275 35 R 21 103 W XL P-ZERO PZ4 ELT NCS T1
4019238046113;CONTINENTAL ZO;SportContact 6 AO;295/35 R23 108Y;Summer;289.90;B0861LBXY9;Gomme Continental Sportcontact 6 295 35 ZR23 (108Y) TL Estivi per Auto
4019238082753;CONTINENTAL ZO;SportContact 6 AO1;285/45 R21 113Y;Summer;288.80;B09V6HH4KV;285/45YR21 CONTI TL SC-6 AO1 FR XL 113Y E
8019227385212;PIRELLI ZO;P-Zero (PZ4) (MGT) Sports;285/30 R21 100Y;Summer;288.80;B088PL1DSR;Gomme Pirelli Pzero pz4 sports car 285 30 ZR21 (100Y) TL Estivi per Auto
4019238013085;CONTINENTAL WI;WinterContact TS860 S MGT;295/35 R21 107W;Winter;284.40;B07HJ9DDYS;GOMME PNEUMATICI WINTERCONTAC TS860S XL
8019227271034;PIRELLI ZO;P-Zero (PZ4) (MO) Sports;325/35 R23 111Y;Summer;284.40;B07RWKJLHF;GOMME PNEUMATICI P-ZERO (MO)(E)
4038526076724;GOODYEAR WI;UltraGrip Performance + MO;275/45 R21 110H;Winter;276.70;B0B3SFLZ1K;Prestazioni ultra grip +
4019238031058;CONTINENTAL WI;WinterContact TS860 S SSR;245/40 R20 99V;Winter;273.40;B07K2CVTQ2;GOMME PNEUMATICI WINTERCONTAC TS860S XL
4019238191172;CONTINENTAL ZO;EcoContact 7 S (+) ContiSilent;265/35 R21 101H;Summer;273.40;B0D86LNDDD;Gomme estive 265 35 R21 101H XL CONTINENTAL EcoContact 7 S (+) ContiSilent
8019227408102;PIRELLI ZO;P-Zero (PZ4) (R0) NCS elt Sports;245/40 R21 100Y;Summer;270.10;B0D2TW1Z8J;P-ZERO (PZ4)
3286341319712;BRIDGESTONE ZO;Turanza T005AD AO B-Silent;245/40 R21 100Y;Summer;267.90;B0851V8PZ1;Bridgestone TURANZA T005-245/40 R21 100Y XL AO - B/A/70 - pneumatico estivo (per auto e SUV/4X4)
4019238287592;CONTINENTAL WI;WinterContact 8 S;285/40 R19 107V;Winter;266.80;B0DFMHQZ81;Gomme invernali 285 40 R19 107V XL CONTINENTAL WinterContact 8 S
3286341919219;BRIDGESTONE WI;Blizzak LM005;275/30 R20 97W;Winter;265.15;B08CZD8S7F;Bridgestone BLIZZAK LM005-275/30 R20 97W XL - C/A/73 - pneumatico invernale (per auto e SUV/4x4)
5452000829917;GOODYEAR WI;UltraGrip Performance +;275/40 R21 107V;Winter;262.40;B07XCXGWWD;ULTRAGRIP PERFORMANCE +
3528700513226;MICHELIN ZO;Pilot Sport 4 S *;275/35 R19 100Y;Summer;262.40;B0994S7X2Y;Pneumatico Estate Michelin PILOT SPORT 4 S 275/35ZR19 (100Y) XL
8019227398342;PIRELLI ZO;P-Zero (PZ4) (T1) NCS elt Luxury;255/35 R21 98W;Summer;259.10;B091KGPJFJ;PIRELLI 255 35 R 21 98 W XL P-ZERO PZ4 ELT NCS T1
4019238032208;CONTINENTAL ZO;SportContact 6 *;265/40 R21 105Y;Summer;249.75;B07NMQ6FKQ;GOMME PNEUMATICI CONTISPORTCONTACT 6 * XL
3286341512410;BRIDGESTONE WI;Blizzak LM005;295/35 R21 107V;Winter;247.00;B07TKCNV4J;Bridgestone BLIZZAK LM005-295/35 R21 107V XL - C/A/73 - pneumatico invernale (per auto e SUV/4x4)
4019238040760;CONTINENTAL ZO;SportContact 7;265/35 R19 98Y;Summer;246.45;B09R1Q6NKQ;CONTINENTAL - SportContact 7-265/35 ZR 19-98Y/C/A/73dB - Pneumatico estivo
3286341513615;BRIDGESTONE WI;Blizzak LM005;275/40 R22 107V;Winter;241.50;B08CYC8V9B;Bridgestone BLIZZAK LM005-275/40 R22 107V XL - C/A/73 - pneumatico invernale (per auto e SUV/4x4)
4019238295320;CONTINENTAL ALL;AllSeasonContact 2 ContiSeal;255/45 R20 101T;All Season;241.50;B0DWWYFSXS;Gomme 4 stagioni 255 45 R20 101T CONTINENTAL AllSeasonContact 2 ContiSeal
5452000722164;GOODYEAR ZO;Eagle F1 Asymmetric SUV * ROF;245/45 R20 103W;Summer;239.30;B0C7LK593G;EAGLE F1 (ASYMMETRIC) SUV 4X4
3286341116519;BRIDGESTONE ZO;Potenza S001 * RFT;275/35 R20 102Y;Summer;238.75;B074KZ869S;Bridgestone POTENZA S001-275/35 R20 102Y XL * - C/B/73 - pneumatico estivo con tecnologia DriveGuard Run-Flat (per autovetture)
8019227276107;PIRELLI ZO;P-Zero (PZ4) Sports;265/35 R21 101Y;Summer;236.00;B077BCCQBZ;PIRELLI 2653521 P ZERO 101 Y
4019238022476;CONTINENTAL ZO;ContiSportContact 5 SUV MGT;265/40 R21 101Y;Summer;234.90;B07PN4NXG2;1 PNEUMATICO GOMMA 265 40ZR21(101Y CONTINENTAL SPCONT5 FR auto estivi
8019227410105;PIRELLI ZO;P-Zero (PZ4) (MO-S) NCS elt Sports;255/45 R20 105H;Summer;233.25;B09V6MZQ78;Gomme Pirelli Pzero pz4 sports car 255 45 R20 105H TL Estivi per Auto
4019238321401;CONTINENTAL ZO;CrossContact UHP MO;275/50 R20 109W;Summer;230.50;B0F44FZQGH;275 50 R20 109W CONTINENTAL CrossContact UHP MO
8019227252408;PIRELLI ZO;P-Zero (PZ4) (AO) NCS Luxury;265/40 R20 104Y;Summer;230.50;B07TKXHNYW;GOMME PNEUMATICI P-ZERO (AO) NCS XL
8019227426229;PIRELLI ZO;PZero (PZ5) (MO-S) NCS;275/45 R21 107Y;Summer;230.50;B0DWT26FLD;PIRELLI 275/45 R21 107Y Estivo Fuoristrada
8019227357288;PIRELLI ZO;P-Zero (PZ4) (MO-S) NCS Sports;275/45 R21 107Y;Summer;229.95;B07NLB7G4Q;GOMME PNEUMATICI P-ZERO (MO-S) NCS
3286341357615;BRIDGESTONE WI;Blizzak LM001 AO;255/50 R20 109H;Winter;229.40;B07KJFL185;GOMME PNEUMATICI BLIZZAK LM-001 XL
8808563415550;HANKOOK WI;W320A Winter i*cept evo2 SUV;285/45 R21 113V;Winter;229.40;B07G8KRQ6W;GOMME PNEUMATICI WINTER ICEPT EVO2 W320 XL
4019238343328;CONTINENTAL ZO;UltraContact NXT (CRM);255/45 R20 105T;Summer;228.30;B0CKTT1JLS;UltraContact NXT
4019238083705;CONTINENTAL ZO;CrossContact RX NE0;255/40 R22 103V;Summer;225.00;B00K62L6AA;Goodyear Padangos Eagle F1 Asymmetric 6 98 Y XL (C A B 70dB)
3286342328812;BRIDGESTONE WI;Blizzak LM005;275/35 R19 100V;Winter;223.90;B08CYDPYJ3;Bridgestone BLIZZAK LM005-275/35 R19 100V XL - A/C/73 - Pneumatici invernali (per auto e SUV/4x4)
3286340331319;BRIDGESTONE ZO;Dueler H/P Sport * RFT;275/40 R20 106Y;Summer;222.80;B0043QUMW8;Bridgestone DUELER H/P SPORT - 275/40 R20 106Y XL * - D/C/72 - pneumatico estivo con tecnologia DriveGuard Run-Flat (per SUV)
3286340990219;BRIDGESTONE ZO;Turanza T005 * RFT;275/35 R19 100Y;Summer;222.80;B07NPSP9T2;Bridgestone TURANZA T005-275/35 R19 100Y XL * - B/B/71 - pneumatico estivo con tecnologia DriveGuard Run-Flat (per auto e SUV/4X4)
3286341509014;BRIDGESTONE WI;Blizzak LM005;315/35 R20 110V;Winter;222.80;B07TZ5L9KG;Bridgestone BLIZZAK LM005-315/35 R20 110V XL - C/A/73 - pneumatico invernale (per auto e SUV/4x4)
8808563479415;HANKOOK WI;W330A Winter i*cept evo3 X;275/40 R21 107V;Winter;222.80;B08KS967SF;HANKOOK 275/40 R21 107V WINTER I*CEPT EVO3 W330 XL
8019227385151;PIRELLI ZO;P-Zero (PZ4) (NA1) Sports;255/35 R20 93Y;Summer;221.70;B08F5D1JVX;Gomme Pirelli Pzero pz4 sports car 255 35 ZR20 (93Y) TL Estivi per Auto
4019238399844;CONTINENTAL ALL;AllSeasonContact 2 ContiSeal;255/40 R20 101T;All Season;220.60;B0F18XTJ6S;Gomme 4 stagioni 255 40 R20 101T XL CONTINENTAL AllSeasonContact 2 ContiSeal
4019238080414;CONTINENTAL ZO;EcoContact 6 Q;255/45 R20 105H;Summer;219.50;B0CJG32SZT;EcoContact 6 Q
3286341829815;BRIDGESTONE ZO;Turanza T005 * RFT;225/35 R20 90Y;Summer;218.95;B086Q51BBQ;Bridgestone TURANZA T005-225/35 R20 90Y XL * - B/B/70 - pneumatico estivo con tecnologia DriveGuard Run-Flat (per auto e SUV/4X4)
4019238295313;CONTINENTAL ALL;AllSeasonContact 2;255/45 R20 101T;All Season;217.30;B0DWX2738R;Gomme 4 stagioni 255 45 R20 101T CONTINENTAL AllSeasonContact 2
4038526029676;GOODYEAR WI;UltraGrip Cargo;225/55 R17 109/107T;Winter;216.20;B0B3SJ673P;ULTRAGRIP CARGO
4038526071996;GOODYEAR WI;UltraGrip Performance +;215/45 R20 95T;Winter;216.20;B09JBL73PR;Goodyear UltraGrip Performance + | Pneumatici invernali
8019227381634;PIRELLI ZO;P-Zero (PZ4) (NE0) elt Sports;235/55 R20 105Y;Summer;214.00;B0CY5H81K6;P-ZERO (PZ4)
8808563447001;HANKOOK ZO;K127C Ventus S1 Evo3 * HRS;275/45 R20 110Y;Summer;211.25;B08BTQKKM7;Gomme Hankook Ventus s1 evo3 k127 275 45 R20 110Y TL Estivi per Fuoristrada
3286341283112;BRIDGESTONE ZO;Turanza T005 MO Extended B-Silent;255/40 R20 101Y;Summer;210.43;B0841BB76C;Bridgestone TURANZA T005-255/40 R20 101Y XL MOE-S - B/A/69 - pneumatico estivo (per auto e SUV/4X4)
3286341338416;BRIDGESTONE ZO;Potenza S001 *;215/45 R20 95W;Summer;210.15;B07CXTFPDF;Bridgestone POTENZA S001-215/45 R20 95W XL * - C/A/72 - pneumatico estivo (per autovetture)
3286341765212;BRIDGESTONE ZO;Potenza S001 RFT;225/40 R19 89Y;Summer;209.60;B0851WPRDR;Bridgestone POTENZA S001-225/40 R19 89Y AR - C/C/71 - pneumatico estivo con tecnologia DriveGuard Run-Flat (per autovetture)
8019227327854;PIRELLI ZO;P-Zero (PZ4) R-F (*) Sports;275/40 R20 106W;Summer;208.50;B087CFK9Q2;Gomme Pirelli Pzero pz4 sports car 275 40 R20 106W TL Estivi per Auto
8019227343229;PIRELLI ZO;Scorpion Zero All Season (LR) NCS;255/50 R20 109W;Summer;208.50;B07NHXDRTH;Pirelli SCORPION ZERO ALL SEASON (LR) M+S XL
8019227393996;PIRELLI ZO;P-Zero (PZ4) (I*MO-S) ncs Sports;245/40 R20 99Y;Summer;205.75;B0C7LN1SFR;P-ZERO (PZ4)
8019227352672;PIRELLI ZO;PZero (MGT);275/40 R19 101Y;Summer;205.20;B07CK4M48B;GOMME PNEUMATICI PZERO (MGT)
8019227392821;PIRELLI ZO;P-Zero (PZ4) (*) Sports;275/35 R19 100Y;Summer;204.65;B08V81MMLX;PIRELLI 275/35 R19 P-ZERO PZ4 XLFR(*) FR100Y SUMMER AB69
3286340938518;BRIDGESTONE ZO;Turanza T005 AO B-Silent;255/40 R20 101Y;Summer;204.10;B07NTVSFK6;Bridgestone TURANZA T005-255/40 R20 101Y XL AO - C/A/70 - pneumatico estivo (per auto e SUV/4X4)
3286342346113;BRIDGESTONE WI;Blizzak LM005 (+) AO;265/45 R20 108T;Winter;204.10;B013TJNY1A;Bridgestone BLIZZAK LM005-265/45 R20 108T XL - B/C/73 - Pneumatici invernali (per auto e SUV/4x4)
8019227389814;PIRELLI ZO;P-Zero (PZ4) (+) s-i elt;255/40 R20 101T;Summer;200.80;B0CW3N64FD;P-ZERO (PZ4)
3286341964912;BRIDGESTONE ZO;Turanza T005 MO Extended;255/40 R18 99Y;Summer;199.70;B09V6PSDM9;Bridgestone TURANZA T005-255/40 R18 99Y XL MOEXTENDED - B/A/69 - pneumatico estivo (per auto e SUV/4X4)
3528705845650;MICHELIN ZO;Pilot Sport 4 S MO1;255/35 R19 96Y;Summer;199.15;B07SRMBNWH;GOMME PNEUMATICI PILOT SPORT 4S (MO1) XL
5452000724014;GOODYEAR ZO;Eagle F1 Asymmetric 3 * ROF;255/40 R18 99Y;Summer;198.60;B07N3ZZP6Y;GOMME PNEUMATICI EAGLE F1 ASYMMETRIC 3* XL RUN FLAT
8019227195439;PIRELLI ZO;Scorpion Verde All Season (MO);265/45 R20 108H;Summer;198.60;B07PDZW4FF;GOMME PNEUMATICI SCORPION VERDE ALL SEASON M+S (MO) XL
4019238092233;CONTINENTAL ALL;AllSeasonContact 2;235/45 R21 101T;All Season;196.95;B0CHMTPD2G;Gomme 4 stagioni 235 45 R21 101T XL CONTINENTAL AllSeasonContact 2
4024068002451;UNIROYAL ZO;RainSport 5;265/40 R21 105Y;Summer;195.30;B0851BGTFS;Gomme Uniroyal Rainsport 5 265 40 R21 105Y TL Estivi per Auto
4038526073099;GOODYEAR WI;UltraGrip Performance + SUV;225/55 R19 99V;Winter;195.30;B09JC989QH;Goodyear UltraGrip Performance + SUV | Pneumatici invernali
8019227394269;PIRELLI ZO;P-Zero (PZ4) (MO-S) KS NCS Sports;255/40 R20 101Y;Summer;194.75;B096N7R12L;PIRELLI 255 40 R 20 101 Y XL P-ZERO PZ4 MO-S NCS
3286340982719;BRIDGESTONE ZO;Turanza T005 * RFT;255/40 R18 99Y;Summer;194.20;B07PM8CV7P;Bridgestone TURANZA T005-255/40 R18 99Y XL * - B/B/71 - pneumatico estivo con tecnologia DriveGuard Run-Flat (per auto e SUV/4X4)
4019238002508;CONTINENTAL WI;WinterContact TS860 S SSR *;245/50 R19 105V;Winter;194.20;B07V4Z7DWL;GOMME PNEUMATICI WINTERCONTAC TS860S * SSR RFT RUNFLAT XL
3286341338515;BRIDGESTONE ZO;Potenza S001 *;245/40 R20 99W;Summer;190.90;B07CTTTFRZ;Bridgestone POTENZA S001-245/40 R20 99W XL * - C/A/72 - pneumatico estivo (per autovetture)
4019238287486;CONTINENTAL WI;WinterContact 8 S;235/45 R19 99V;Winter;188.70;B0DJCGZRF8;Gomme invernali 235 45 R19 99V XL CONTINENTAL WinterContact 8 S
4019238316766;CONTINENTAL ZO;PremiumContact 6 SSR *;225/45 R19 92W;Summer;188.70;B0F59VMRRN;Gomme estive 225 45 R19 92W CONTINENTAL PremiumContact 6 SSR *
3286342047119;BRIDGESTONE WI;Blizzak 6;225/55 R19 103V;Winter;188.70;B0F44D61BP;BRIDGESTONE 225/55 R19 103V Invernale XL Fuoristrada
3286341765410;BRIDGESTONE ZO;Potenza S001 AR RFT;255/35 R19 92Y;Summer;187.60;B0851VMPXC;Bridgestone POTENZA S001-255/35 R19 92Y AR - C/B/72 - pneumatico estivo con tecnologia DriveGuard Run-Flat (per autovetture)
5452000831651;GOODYEAR WI;UltraGrip Performance + *;235/60 R20 108H;Winter;187.60;B09JC8LCHQ;Goodyear UltraGrip Performance + | Pneumatici invernali
4019238066463;CONTINENTAL ZO;UltraContact;235/45 R19 99V;Summer;184.30;B09V5W7TV6;CONTINENTAL - UltraContact - 235/45 R 19-99V/B/A/70dB - Pneumatico estivo
4038526100269;GOODYEAR WI;UltraGrip Performance + SUV;225/50 R19 100V;Winter;183.20;B09J9Z4ZLQ;Goodyear UltraGrip Performance + SUV | Pneumatici invernali
4019238752212;CONTINENTAL ZO;ContiVanContact 200;225/75 R16 121/120R;Summer;182.65;B07BF7FY7S;Continental VanContact 200 - 225/75R16 121R - Pneumatico Estivo
4024068003267;UNIROYAL ZO;RainSport 5;265/30 R20 94Y;Summer;182.65;B08FF2M9PP;Gomme Uniroyal Rainsport 5 265 30 R20 94Y TL Estivi per Auto
8019227378924;PIRELLI ZO;P-Zero (PZ4) R-F (*) Luxury;225/45 R19 96W;Summer;182.65;B081SFF44S;PIRELLI -2254519 96W PZERO -B/A/69-Pneumatici estivi
8808563479767;HANKOOK WI;W330A Winter i*cept evo3 X;255/55 R19 111V;Winter;182.65;B08KS9XV6N;Gomme Hankook Winter i cept evo3 x w330a 255 55 R19 111V TL Invernali per Fuoristrada
3286342621319;BRIDGESTONE WI;Blizzak LM005 R0;245/40 R19 98H;Winter;182.10;B0DXVC2PRY;Bridgestone BLIZZAK LM005-215/70 R16 100T - A/B/71 - Pneumatici invernali (per auto e SUV/4x4)
3286342840314;BRIDGESTONE ZO;Turanza T005 * RFT;225/40 R19 93Y;Summer;182.10;B09V5PZJ7D;Bridgestone TURANZA T005-225/40 R19 93Y XL * - B/B/70 - pneumatico estivo con tecnologia DriveGuard Run-Flat (per auto e SUV/4X4)
5452000680570;GOODYEAR WI;UltraGrip Cargo;215/60 R17 109/107T;Winter;181.55;B07VG9B3KS;GOMME PNEUMATICI CARGO ULTRAGRIP
4019238286816;CONTINENTAL ZO;ContiSportContact 5 MO;245/45 R19 102Y;Summer;181.00;B0DYNKPPX4;Gomme estive 245 45 R19 102Y XL CONTINENTAL ContiSportContact 5 MO
3286340990417;BRIDGESTONE ZO;Turanza T005 * RFT;245/40 R19 98Y;Summer;174.40;B07LBX83QV;Bridgestone TURANZA T005-245/40 R19 98Y XL * - B/B/70 - pneumatico estivo con tecnologia DriveGuard Run-Flat (per auto e SUV/4X4)
4038526073112;GOODYEAR WI;UltraGrip Performance + SUV;225/60 R18 104V;Winter;174.40;B09JB2WFBD;Goodyear UltraGrip Performance + SUV | Pneumatici invernali
4019238004700;CONTINENTAL ZO;ContiVanContact 200;235/65 R16 121/119R;Summer;173.85;B07QWX3TJV;GOMME PNEUMATICI VANCONTACT 200
3286340583312;BRIDGESTONE ZO;Potenza S001 MO;245/45 R19 102Y;Summer;173.30;B00B7AC0GO;Bridgestone POTENZA S001-245/45 R19 102Y XL MO - C/B/71 - pneumatico estivo (per autovetture)
8019227315011;PIRELLI ZO;Cinturato P7 (MO) (P7C2);255/45 R19 104Y;Summer;173.30;B08DHG2KLQ;PNEUMATICI ESTATE 255 45 R19 104Y PIRELLI CINTURATO P7 C2 TL XL MFS MO
4019238651119;CONTINENTAL ZO;ContiVanContact 200;215/60 R17 109/107T;Summer;172.20;B00ULR2NXO;Continental VanContact 200 - 215/60R17 109T - Pneumatico Estivo
8019227412550;PIRELLI ZO;P-Zero (PZ4) NCS Sports;235/40 R19 96W;Summer;172.20;B09V6LBR9X;Gomme Pirelli Pzero pz4 sports car 235 40 R19 96W TL Estivi per Auto
3286341371017;BRIDGESTONE ZO;Turanza T005 * RFT;255/35 R19 96Y;Summer;171.65;B09V5S3NKW;Bridgestone TURANZA T005-255/35 R19 96Y XL * - B/B/71 - pneumatico estivo con tecnologia DriveGuard Run-Flat (per auto e SUV/4X4)
3286341411218;BRIDGESTONE ZO;Turanza Eco (+) SLT B-Seal;235/55 R19 101T;Summer;171.65;B086Q55LH2;BRIDGESTONE TURANZA ECO 235/55 19 101T
8019227351941;PIRELLI ZO;P-Zero (PZ4) (J) NCS Luxury;255/35 R20 97Y;Summer;171.65;B07R6J3R9D;GOMME PNEUMATICI P-ZERO (J) NCS XL
3286340646918;BRIDGESTONE ZO;Potenza S001 AO;245/35 R19 93Y;Summer;170.55;B00VZ305EC;Bridgestone POTENZA S001-245/35 R19 93Y XL AO - D/A/70 - pneumatico estivo (per autovetture)
3286341294316;BRIDGESTONE ZO;Turanza T005;255/45 R18 103H;Summer;170.00;B0851VN8TH;Bridgestone TURANZA T005-255/45 R18 103H XL - A/A/73 - pneumatico estivo (per auto e SUV/4X4)
4019238299953;CONTINENTAL ZO;ContiSportContact 5 JLR;255/55 R19 111W;Summer;170.00;B0DZ6F7ZF3;Gomme estive 255 55 R19 111W XL CONTINENTAL ContiSportContact 5 JLR
4019238298512;CONTINENTAL ZO;CrossContact LX Sport JLR;255/55 R19 111W;Summer;168.90;B0DZH72QMK;Gomme estive 255 55 R19 111W XL CONTINENTAL CrossContact LX Sport JLR
3286342280615;BRIDGESTONE WI;Blizzak LM005 *;205/60 R18 99H;Winter;166.70;B0BXV77MT5;Bridgestone BLIZZAK LM005-205/60 R18 99 H XL â C/B/70 â Pneumatici invernali (PKW & SUV)
4038526328724;GOODYEAR ZO;EfficientGrip Performance R ST;215/45 R20 95T;Summer;166.70;B0B3SLR84P;PRESTAZIONI DI EFFICIENZA GRIP
8019227261844;PIRELLI WI;Winter Sottozero 3 (*);225/60 R18 104H;Winter;166.70;B077K1QH91;PNEUMATICO INVERNALE PIRELLI - 225 60 R 18 104 H XL W SOTTOZERO 3 * M&S BMW
3286342345116;BRIDGESTONE ZO;Turanza T005 AO;245/45 R19 102Y;Summer;165.60;B096B8D19W;Bridgestone TURANZA T005-245/45 R19 102Y XL AO - B/A/70 - pneumatico estivo (per auto e SUV/4X4)
8019227351934;PIRELLI ZO;P-Zero (PZ4) (J) NCS Luxury;245/40 R19 98Y;Summer;165.60;B07R73TMM1;PNEUMATICI P-ZERO (J) NCS XL
3286342122816;BRIDGESTONE WI;Blizzak 6;255/40 R18 99V;Winter;164.50;B0DGLDT95Z;Bridgestone BLIZZAK 6 ENLITEN - 255/40 R18 99V XL - B/C/72 - Pneumatici invernali (vettura e SUV)
3528708385610;MICHELIN ZO;Pilot Sport 4 NF0;225/55 R19 103Y;Summer;163.95;B07VF9FRB6;Pneumatico Estate Michelin PILOT SPORT 4 225/55R19 103Y XL
5452000809063;GOODYEAR ZO;EfficientGrip Performance (+) ST;215/45 R20 95T;Summer;163.95;B083ZMPKDZ;Goodyear EfficientGrip Performance | Pneumatici estivi
4019238040586;CONTINENTAL ZO;SportContact 7;225/40 R19 93Y;Summer;162.30;B09RTWFF1Z;CONTINENTAL - SportContact 7-225/40 ZR 19-93Y/C/A/72dB - Pneumatico estivo
3286341960716;BRIDGESTONE ZO;Turanza T005 SLT B-Seal;235/45 R18 94W;Summer;161.20;B09V5RFXRQ;Bridgestone TURANZA T005-235/45 R18 94W - B/A/71 - pneumatico estivo (per auto e SUV/4X4)
3286340873918;BRIDGESTONE ZO;Potenza S001 RO1;235/40 R19 96Y;Summer;160.65;B01N0M8JPM;Bridgestone POTENZA S001-235/40 R19 96Y XL RO1 - C/B/71 - pneumatico estivo (per autovetture)
4019238401202;CONTINENTAL ZO;EcoContact 7 MO;255/35 R19 99W;Summer;160.65;B0DNSQPC1C;Gomme estive 255 35 R19 99W XL CONTINENTAL EcoContact 7 MO
8019227379433;PIRELLI ZO;P-Zero (PZ4) (I*) Sports;255/40 R19 100Y;Summer;160.65;B099S459G8;Gomme Pirelli Pzero pz4 sports car 255 40 R19 100Y TL Estivi per Auto
3286341412215;BRIDGESTONE ALL;Weather Control A005 (+) AO SLT B-Seal;235/55 R19 101T;All Season;160.10;B08MQRJ63J;Bridgestone WEATHER CONTROL A005-235/55 R19 101T (+), AO - B/A/72 - pneumatico quattro stagioni (per auto e SUV/4X4)
8808563478944;HANKOOK WI;W330 Winter i*cept evo3;255/40 R19 100V;Winter;159.00;B08KS9VWYY;Gomme Hankook Winter i cept evo3 w330 255 40 R19 100V TL Invernali per Auto
8019227379402;PIRELLI ZO;P-Zero (PZ4) (*)(KS) Sports;255/40 R19 100Y;Summer;158.45;B09PJZSDWV;Pirelli PIRELLI TL P-ZERO(PZ4) KS XL (EU)100Y E, come specificato
4038526091482;GOODYEAR WI;UltraGrip Performance + (+);255/55 R18 105T;Winter;157.35;B0B3SGP1PL;Prestazioni ultra grip +
4019238007169;CONTINENTAL ZO;ContiVanContact 100;225/75 R16 121/120R;Summer;156.80;B07Q5HZRD7;Continental VanContact 100 - 225/75R16 121R - Pneumatico Estivo
3286341114515;BRIDGESTONE ZO;Turanza T005 AO;235/40 R19 96Y;Summer;156.25;B07TTJL2FJ;Bridgestone TURANZA T005-235/40 R19 96Y XL AO - B/B/72 - pneumatico estivo (per auto e SUV/4X4)
3286342280417;BRIDGESTONE WI;Blizzak LM005 MO *;225/55 R18 102H;Winter;155.70;B0BW1NPBML;Bridgestone BLIZZAK LM005-225/55 R18 102H XL - B/C/70 - Pneumatici invernali (per auto e SUV/4x4)
4038526403209;GOODYEAR ZO;Eagle F1 Asymmetric 6;245/40 R19 98Y;Summer;155.70;B00K62L6AA;Goodyear Padangos Eagle F1 Asymmetric 6 98 Y XL (C A B 70dB)
8808563479804;HANKOOK WI;W330A Winter i*cept evo3 X;255/65 R17 114H;Winter;155.70;B08KS9J14N;Gomme Hankook Winter i cept evo3 x w330a 255 65 R17 114H TL Invernali per Fuoristrada
3286341319514;BRIDGESTONE ZO;Turanza T005AD AO;235/50 R19 103Y;Summer;154.60;B07PP8WRDF;Bridgestone TURANZA T005-235/50 R19 103Y XL AO - B/A/71 - pneumatico estivo (per auto e SUV/4X4)
8019227281422;PIRELLI ZO;Cinturato P7 All Season R-F (*);225/40 R19 93H;Summer;154.60;B084TQMVGH;Gomme Pirelli Cinturato p 7 as 225 40 R19 93H TL 4 stagioni per Auto
3286340936316;BRIDGESTONE ZO;Turanza T005 MO;225/40 R19 93W;Summer;153.50;B07JH8FMGD;Bridgestone TURANZA T005-225/40 R19 93W XL MO - B/A/70 - pneumatico estivo (per auto e SUV/4X4)
3286341925814;BRIDGESTONE ALL;Weather Control A005 SLT B-Seal;215/50 R19 93T;All Season;153.50;B08R158BKK;Bridgestone WEATHER CONTROL A005-215/50 R19 93T (+) - B/A/72 - pneumatico quattro stagioni (per auto e SUV/4X4)
3286340982511;BRIDGESTONE ZO;Turanza T005 * RFT;225/45 R18 95Y;Summer;152.95;B07PN5Q9M8;Bridgestone TURANZA T005-225/45 R18 95Y XL * - B/B/70 - pneumatico estivo con tecnologia DriveGuard Run-Flat (per auto e SUV/4X4)
5452000819260;GOODYEAR ZO;EfficientGrip Performance (+);215/45 R20 95T;Summer;152.95;B083ZNQ3F5;Goodyear EfficientGrip Performance | Pneumatici estivi
4019238041200;CONTINENTAL ZO;EcoContact 6 MO;235/50 R19 103T;Summer;152.95;B08497JW5Y;Gomme Continental Ecocontact 6 235 50 R19 103T TL Estivi per Auto
3286342176017;BRIDGESTONE ZO;Turanza T005 *;225/50 R18 99W;Summer;152.40;B09V6KGRZ5;Bridgestone TURANZA T005-225/50 R18 99W XL * - A/B/70 - pneumatico estivo (per auto e SUV/4X4)
4038526055842;GOODYEAR ALL;Vector 4Seasons Gen-3;235/50 R19 103W;All Season;152.40;B09V6CTS28;Goodyear Vector 4Seasons Gen-3 | Pneumatici per tutte le stagioni
4019238006186;CONTINENTAL ZO;ContiVanContact 100;235/65 R16 115/113R;Summer;151.85;B07QV2HCZ5;GOMME PNEUMATICI CONTIVANCONTACT 100
4019238007039;CONTINENTAL ZO;ContiVanContact 200;235/65 R16 115/113R;Summer;151.85;B07Q5G394G;Continental VanContact 200 - 235/65R16 115R - Pneumatico Estivo
4024068006114;UNIROYAL ZO;Rainmax 5;225/75 R16 121/120R;Summer;151.30;B0CXLYX23D;GOMME PNEUMATICI UNIROYAL 225/75 R16 121/120R RAIN MAX 5
4019238316612;CONTINENTAL ZO;ContiSportContact 3 SSR *;205/45 R17 84W;Summer;150.75;B0GVZYZX2J;205 45 R17 84W CONTINENTAL ContiSportContact 3 SSR *
4019238815238;CONTINENTAL ZO;ContiVanContact 200;225/65 R16 112/110R;Summer;150.75;B07QW2T5SD;GOMME PNEUMATICI VANCONTACT 200
4019238008777;CONTINENTAL ZO;VanContact Eco;225/65 R16 112/110T;Summer;150.48;B07HMFTFLW;Continental VanContact Eco - 225/65R16 112T - Pneumatico Estivo
4019238402339;CONTINENTAL ALL;AllSeasonContact 2;245/35 R18 92Y;All Season;149.65;B0DX1T8GZ7;Gomme 4 stagioni 245 35 R18 92Y XL CONTINENTAL AllSeasonContact 2
3286340974318;BRIDGESTONE ZO;Potenza S001 * RFT;225/45 R18 95W;Summer;149.10;B01N7TT8NJ;Bridgestone POTENZA S001-225/45 R18 95W XL * - C/B/70 - pneumatico estivo con tecnologia DriveGuard Run-Flat (per autovetture)
3286342046310;BRIDGESTONE WI;Blizzak 6;225/55 R18 102V;Winter;149.10;B0G36BVSCL;BRIDGESTONE 225/55 VR18 TL 102V BR BLIZZAK 6 XL
4019238285239;CONTINENTAL ZO;ContiSportContact 5 SUV VOL;235/55 R19 105V;Summer;148.55;B0DQDWRMLN;Gomme estive 235 55 R19 105V XL CONTINENTAL ContiSportContact 5 SUV VOL
3286341411614;BRIDGESTONE ZO;Turanza T005 MO Extended;235/55 R18 104T;Summer;144.55;B08R17MJWP;Bridgestone TURANZA T005-235/55 R18 104T XL MOEXTENDED - A/B/68 - pneumatico estivo (per auto e SUV/4X4)
3286340937610;BRIDGESTONE ZO;Turanza T005 SLT B-Seal;245/45 R18 96W;Summer;144.00;B07S2SC6Q6;Bridgestone TURANZA T005-245/45 R18 96W - C/A/70 - pneumatico estivo (per auto e SUV/4X4)
5452000831385;GOODYEAR WI;UltraGrip Performance +;205/60 R17 93V;Winter;144.00;B086Q5FB54;Goodyear UltraGrip Performance + | Pneumatici invernali
8808563479019;HANKOOK WI;W330 Winter i*cept evo3;245/50 R18 104V;Winter;144.00;B08KS8WQ28;Gomme Hankook Winter i cept evo3 w330 245 50 R18 104V TL Invernali per Auto
4019238302264;CONTINENTAL ZO;ContiSportContact 5 N0;235/55 R19 101Y;Summer;143.73;B0F3462XVH;Gomme estive 235 55 R19 101Y CONTINENTAL ContiSportContact 5 N0
3286342092416;BRIDGESTONE WI;Duravis Van Winter;215/65 R16 109/107T;Winter;143.45;B0F347QC34;BRIDGESTONE 215/65 R16 109/107T Invernale LCamion
4019238073089;CONTINENTAL ALL;AllSeasonContact;235/55 R19 105H;All Season;143.45;B0CNHB8KR4;Gomme 4 stagioni 235 55 R19 105H XL CONTINENTAL AllSeasonContact
5452000709288;GOODYEAR ZO;Eagle F1 Asymmetric 3 SUV;235/50 R19 99V;Summer;143.45;B07R42W1QX;GOMME PNEUMATICI EAGLE F1 ASYMMETRIC 3 SUV (AO)
3286341412116;BRIDGESTONE ZO;Turanza T005 MO;235/50 R19 99W;Summer;142.90;B083RNVCS6;Bridgestone TURANZA T005-235/50 R19 99W MO - A/B/68 - pneumatico estivo (per auto e SUV/4X4)
3286341043518;BRIDGESTONE ZO;Turanza T005 MO Extended;225/45 R18 91W;Summer;142.35;B07P9RV93C;Bridgestone TURANZA T005-225/45 R18 91W MOEXTENDED - B/A/70 - pneumatico estivo (per auto e SUV/4X4)
8808563479705;HANKOOK WI;W330A Winter i*cept evo3 X;225/60 R18 104V;Winter;142.35;B08KSB33JY;Gomme Hankook Winter i cept evo3 x w330a 225 60 R18 104V TL Invernali per Fuoristrada
4038526328731;GOODYEAR ALL;Vector 4Seasons Gen-3 ST;215/50 R19 93H;All Season;141.25;B0B3SKZ21L;VECTOR 4SEASONS GEN-3
4019238038170;CONTINENTAL WI;WinterContact TS870;225/50 R17 98H;Winter;140.70;B095L5P6PG;CONTINENTAL - WinterContact TS 870-225/50 R 17-98H/C/B/70dB - Pneumatico invernale
4019238284324;CONTINENTAL ZO;ContiEcoContact 5 VOL;235/60 R18 107V;Summer;140.70;B0CYGJ1L58;Gomme estive 235 60 R18 107V XL CONTINENTAL ContiEcoContact 5 VOL
4038526021519;GOODYEAR WI;UltraGrip Performance + *;225/55 R17 101H;Winter;140.70;B0B3SLB4MK;Prestazioni ultra grip +
5452000583819;GOODYEAR ZO;Eagle F1 Asymmetric 3 AO;235/55 R18 104Y;Summer;140.70;B07PPNWCWL;GOMME PNEUMATICI EAGLE F1 ASYMMETRIC 3 (AO) XL
3286340813310;BRIDGESTONE ZO;Potenza S001 AO;255/35 R19 96Y;Summer;139.60;B07BSJTPZH;Bridgestone POTENZA S001-255/35 R19 96Y XL AO - D/A/71 - pneumatico estivo (per autovetture)
3286341281910;BRIDGESTONE ZO;Turanza T005 MO Extended;225/45 R18 95Y;Summer;139.60;B08R16VBVM;Bridgestone TURANZA T005-225/45 R18 95Y XL MOEXTENDED - B/A/69 - pneumatico estivo (per auto e SUV/4X4)
3286341418415;BRIDGESTONE ZO;Turanza T005 *;205/65 R16 95W;Summer;139.60;B09V6WZ2FL;Bridgestone TURANZA T005-205/65 R16 95W * - A/B/70 - pneumatico estivo (per auto e SUV/4X4)
3286341764215;BRIDGESTONE ZO;Turanza T005;225/50 R18 95W;Summer;139.60;B09G39DWGB;Bridgestone TURANZA T005-225/50 R18 95W - B/A/71 - pneumatico estivo (per auto e SUV/4X4)
3286341880519;BRIDGESTONE ZO;Potenza S001 MO;245/35 R18 92Y;Summer;139.60;B07ZG7NN9K;Bridgestone POTENZA S001-245/35 R18 92Y XL MO - C/B/72 - pneumatico estivo (per autovetture)
8808563478852;HANKOOK WI;W330 Winter i*cept evo3;225/50 R18 99V;Winter;139.60;B08KSBF1TX;Gomme Hankook Winter i cept evo3 w330 225 50 R18 99V TL Invernali per Auto
5452000680556;GOODYEAR WI;UltraGrip Cargo;205/75 R16 110/108R;Winter;139.55;B07VKPKCXB;GOMME PNEUMATICI ULTRAGRIP CARGO
3286341044416;BRIDGESTONE ZO;Alenza 001;255/55 R19 107W;Summer;139.05;B07HM4LRMM;Bridgestone Alenza 001 - 255/55R19 107W - Pneumatico Estivo
4019238043891;CONTINENTAL ZO;EcoContact 6 Q MO;235/60 R18 103W;Summer;139.05;B09V6G2X3R;23560WR18 CONTI TL ECO 6 Q MO 44734 103W E Pneumatici Estivi
4019238296587;CONTINENTAL ZO;SportContact 6 *;235/35 R19 91Y;Summer;138.50;B0D4M2BHG2;Gomme estive 235 35 R19 91Y XL CONTINENTAL SportContact 6 *
8808563449227;HANKOOK WI;RW12 Winter I*cept LV;215/70 R16 108/106R;Winter;138.50;B083ZGN2Y3;Hankook Pneumatici invernali RW12-215/70R16 108R
5452000597151;GOODYEAR WI;UltraGrip Cargo;205/65 R16 107/105T;Winter;137.95;B07TJ8VL5G;GOMME PNEUMATICI CARGO ULTRAGRIP
4019238013252;CONTINENTAL ZO;PremiumContact 6 MO-V;235/55 R17 103W;Summer;137.40;B07S1P9YBX;PREMIUMCONTACT6
4024067003893;SEMPERIT WI WI;SPEED-GRIP 5;235/55 R19 105V;Winter;137.40;B0C8144ZTZ;SEMPERIT Pneumatici 235 55 R19 105 V XL Winterreifen PKW
4024068003281;UNIROYAL ZO;RainSport 5;255/40 R19 100Y;Summer;137.40;B0846LTT75;Uniroyal 72174 Pneumatico 255/40 R19 100Y Rainsport 5 Xl
8808563479668;HANKOOK WI;W330A Winter i*cept evo3 X;235/55 R18 100H;Winter;137.40;B08KS9THPR;Gomme Hankook Winter i cept evo3 x w330a 235 55 R18 100H TL Invernali per Fuoristrada
4019238099805;CONTINENTAL ZO;UltraContact;225/65 R17 106V;Summer;136.85;B0CL5783BG;CONTINENTAL - UltraContact - 225/65 R 17-106V/B/A/70dB - Pneumatico estivo
4038526052865;GOODYEAR WI;UltraGrip Performance + (+);235/60 R18 103T;Winter;136.30;B0B3SLFFGT;Prestazioni ultra grip +
4019238020397;CONTINENTAL ZO;EcoContact 6 MO;225/45 R18 91W;Summer;136.30;B08497H17S;Continental 73129 Pneumatico 225/45 R18 91W Ecocontact 6 Mo, Mercedes
3286340647212;BRIDGESTONE ZO;Potenza S001 AO;245/45 R17 95Y;Summer;135.20;B00W3O4ZRA;Bridgestone POTENZA S001-245/45 R17 95Y AO - D/A/70 - pneumatico estivo (per autovetture)
4019238288841;CONTINENTAL ZO;PremiumContact 6;225/55 R19 103V;Summer;135.20;B0F18FPZ44;Gomme estive 225 55 R19 103V XL CONTINENTAL PremiumContact 6
8808563479132;HANKOOK WI;W330 Winter i*cept evo3;215/50 R18 92V;Winter;135.20;B08KS8RFSP;Gomme Hankook Winter i cept evo3 w330 215 50 R18 92V TL Invernali per Auto
8019227456240;PIRELLI WI;Cinturato Winter 3;205/55 R19 97H;Winter;134.65;B0FQ55B2SD;205/55R19 97H XL Cint.Winter 3
4038526053800;GOODYEAR ALL;Vector 4Seasons Gen-3;215/50 R19 93H;All Season;134.10;B09V5RCTL4;Goodyear Vector 4Seasons Gen-3 | Pneumatici per tutte le stagioni
4019238285154;CONTINENTAL ZO;PremiumContact 6;225/45 R18 95V;Summer;133.55;B0CJG4XMSK;PremiumContact 6
4024068003038;UNIROYAL ZO;RainSport 5;225/40 R19 93Y;Summer;133.55;B0846LRNKW;Gomme Uniroyal Rainsport 5 225 40 R19 93Y TL Estivi per Auto
3286341048018;BRIDGESTONE ZO;Turanza T005AD AO;235/55 R18 100Y;Summer;133.00;B07N1VBB38;Bridgestone TURANZA T005-235/55 R18 100Y AO - B/A/71 - pneumatico estivo (per auto e SUV/4X4)
4019238043105;CONTINENTAL WI;WinterContact TS870;215/55 R16 93H;Winter;133.00;B0BVFNT3VD;CONTINENTAL - WinterContact TS 870-215/55 R 16-93H/C/B/70dB - Pneumatico invernale
4038526425232;GOODYEAR ALL;Vector 4Seasons Cargo;215/70 R15 109/107S;All Season;133.00;B0CDHMNR18;VECTOR 4SEASONS CARGO
8808563479545;HANKOOK WI;W330A Winter i*cept evo3 X;225/65 R17 102H;Winter;133.00;B08KSBG335;Gomme Hankook Winter i cept evo3 x w330a 225 65 R17 102H TL Invernali per Fuoristrada
3286342756516;BRIDGESTONE ZO;Potenza S005 (+);235/35 R19 91Y;Summer;131.90;B0C7LH3GSL;POTENZA S005
5452000714121;GOODYEAR ZO;Eagle F1 Asymmetric 3 AO;215/40 R18 89Y;Summer;131.90;B07N94B7SY;GOMME PNEUMATICI EAGLE F1 ASYMMETRIC 3 (AO)
8808563455280;HANKOOK ZO;K125A Ventus Prime3 X SealGuard;235/55 R18 100V;Summer;131.35;B096B8BVSR;Gomme Hankook Ventus prime 3 k125 235 55 R18 100V TL Estivi per Fuoristrada
3286340982313;BRIDGESTONE ZO;Turanza T005 *;225/45 R18 95Y;Summer;130.75;B07PP8Q3T5;Bridgestone TURANZA T005-225/45 R18 95Y XL * - A/B/70 - pneumatico estivo (per auto e SUV/4X4)
4038526325808;GOODYEAR ALL;Vector 4Seasons Gen-3;215/55 R17 98W;All Season;130.75;B0C7LNHMM4;VECTOR 4SEASONS GEN-3
5452000829238;GOODYEAR ALL;Vector 4Seasons Gen-3;225/55 R18 102W;All Season;130.75;B087CCZQYX;Goodyear Vector 4Seasons Gen-3 | Pneumatici per tutte le stagioni
4019238295399;CONTINENTAL ALL;AllSeasonContact 2;235/55 R18 104V;All Season;130.25;B0DYTJFJ54;Gomme 4 stagioni 235 55 R18 104V XL CONTINENTAL AllSeasonContact 2
4024067003923;SEMPERIT WI WI;SPEED-GRIP 5;235/45 R19 99V;Winter;130.25;B0C815NZP9;SEMPERIT Pneumatici 235 45 R19 99 V XL Winterreifen PKW
3528709354011;MICHELIN ZO;e.Primacy;225/55 R19 103V;Summer;130.25;B0CJLNQRX3;Pneumatico Estate Michelin E PRIMACY 225/55R19 103V XL
4019238092691;CONTINENTAL ALL;AllSeasonContact 2;205/50 R17 93W;All Season;130.25;B0CHFMPVJW;AllSeasonContact 2
8808563478906;HANKOOK WI;W330 Winter i*cept evo3;235/40 R18 95V;Winter;130.25;B08KS8597C;Gomme Hankook Winter i cept evo3 w330 235 40 R18 95V TL Invernali per Auto
3286341286113;BRIDGESTONE ZO;Alenza 001;225/60 R18 100H;Summer;129.70;B079JYX6T5;Bridgestone Alenza 001 - 225/60R18 100H - Pneumatico Estivo
4019238010688;CONTINENTAL ZO;PremiumContact 6;215/55 R18 95H;Summer;129.70;B07RZLNNMM;Pneumatici CONTIPREMIUMCONTACT 6
4019238076295;CONTINENTAL WI;WinterContact TS870;215/60 R16 95H;Winter;129.70;B0BVFPQQ5N;CONTINENTAL - WinterContact TS 870-215/60 R 16-95H/C/B/70dB - Pneumatico invernale
3286342239118;BRIDGESTONE ZO;Turanza 6;235/35 R19 91Y;Summer;129.15;B0BQ7DJ9C2;BRIDGESTONE 235/35 R19 91Y TURANZA 6 XL
8808563478982;HANKOOK WI;W330 Winter i*cept evo3;215/45 R18 93V;Winter;128.60;B08KSCC9F5;Gomme Hankook Winter i cept evo3 w330 215 45 R18 93V TL Invernali per Auto
3286342297514;BRIDGESTONE ALL;Weather Control A005;225/60 R18 104V;All Season;128.05;B0851V9Z7S;Bridgestone WEATHER CONTROL A005-225/60 R18 104V XL - B/A/71 - pneumatico quattro stagioni (per auto e SUV/4X4)
4019238091793;CONTINENTAL ALL;AllSeasonContact 2;205/45 R17 88W;All Season;128.05;B0BYB92BFN;SPORTCONTACT 6
4019238590791;CONTINENTAL ZO;ContiVanContact 100;205/75 R16 110/108R;Summer;127.50;B00AZTX47M;Continental VanContact 100 - 205/75R16 110R - Pneumatico Estivo
8808563478821;HANKOOK WI;W330 Winter i*cept evo3;235/45 R18 98V;Winter;127.50;B08KS9ZVV2;Gomme Hankook Winter i cept evo3 w330 235 45 R18 98V TL Invernali per Auto
8808563479026;HANKOOK WI;W330 Winter i*cept evo3;235/45 R17 97V;Winter;127.50;B08KS8D2VN;Gomme Hankook Winter i cept evo3 w330 235 45 R17 97V TL Invernali per Auto
3286341328516;BRIDGESTONE ZO;Turanza T005;235/55 R17 103H;Summer;127.50;B09V5N1ZSD;Bridgestone TURANZA T005-235/55 R17 103H XL - A/A/71 - pneumatico estivo (per auto e SUV/4X4)
3286340983914;BRIDGESTONE ZO;Turanza T005 *;205/60 R16 96W;Summer;126.40;B078Y99KQS;Bridgestone TURANZA T005-205/60 R16 96W XL * - A/B/70 - pneumatico estivo (per auto e SUV/4X4)
4019238038316;CONTINENTAL WI;WinterContact TS870;205/55 R16 94V;Winter;126.40;B095L4PJYL;CONTINENTAL - WinterContact TS 870-205/55 R 16-94V/C/B/70dB - Pneumatico invernale
4024067003954;SEMPERIT WI WI;SPEED-GRIP 5;235/50 R18 101V;Winter;126.40;B0C812ZJ7W;SEMPERIT Pneumatici 235 50 R18 101 V XL Winterreifen PKW
8808563479613;HANKOOK WI;W330A Winter i*cept evo3 X;235/65 R17 108V;Winter;126.40;B08KS9YX6R;Gomme Hankook Winter i cept evo3 x w330a 235 65 R17 108V TL Invernali per Fuoristrada
3286341411515;BRIDGESTONE ZO;Turanza T005 MO;235/55 R18 104T;Summer;125.30;B08R161GD2;Bridgestone TURANZA T005-235/55 R18 104T XL MO - A/B/68 - pneumatico estivo (per auto e SUV/4X4)
3286341657517;BRIDGESTONE ZO;Turanza T005 MO Extended;225/50 R17 94Y;Summer;125.30;B08R189BLK;Bridgestone TURANZA T005-225/50 R17 94Y MOEXTENDED - B/A/69 - pneumatico estivo (per auto e SUV/4X4)
3286341029512;BRIDGESTONE ZO;Alenza 001 AO;235/55 R18 100V;Summer;125.03;B07NJ9WHL2;Bridgestone Alenza 001-235/55R18 - Pneumatici estivi
3286341301717;BRIDGESTONE ZO;Turanza T005;225/45 R18 91Y;Summer;124.20;B08GZQNTQJ;Bridgestone TURANZA T005-225/45 R18 91Y - B/A/70 - pneumatico estivo (per auto e SUV/4X4)
3286341403916;BRIDGESTONE ZO;Turanza T005 *;205/55 R17 95W;Summer;124.20;B07QSPMGGB;Bridgestone TURANZA T005-205/55 R17 95W XL * - A/B/70 - pneumatico estivo (per auto e SUV/4X4)
3286342391915;BRIDGESTONE ALL;Turanza All Season 6;215/50 R17 95W;All Season;122.55;B01IP75G6C;Bridgestone TURANZA ALL SEASON 6 ENLITEN - 215/50 R17 95W XL - B/C/70 - Pneumatici Quattro stagioni (per auto e SUV)
8808563479576;HANKOOK WI;W330A Winter i*cept evo3 X;215/65 R17 99V;Winter;122.55;B08KSB3RTR;Gomme Hankook Winter i cept evo3 x w330a 215 65 R17 99V TL Invernali per Fuoristrada
4038526045270;GOODYEAR ALL;Vector 4Seasons Gen-3 RE;235/55 R18 100V;All Season;121.45;B09JB8H81G;Goodyear Vector 4Seasons Gen-3 | Pneumatici per tutte le stagioni
8808563508771;HANKOOK ZO;K127E Ventus S1 Evo3 ev +;235/60 R18 103T;Summer;120.90;B0CNQ9M9H2;HANKOOK K127E VENTUS S1 EVO3 EV
4019238091878;CONTINENTAL ALL;AllSeasonContact 2 SSR;225/40 R18 92Y;All Season;120.35;B0CD24SPVP;CONTINENTAL - WinterContact TS 870-215/60 R 16-99H/C/B/72dB - Pneumatico invernale
4019238590760;CONTINENTAL ZO;ContiVanContact 100;195/65 R16 104/102T;Summer;120.35;B00HSLWCJQ;Continental VanContact 100 - 195/65R16 104T - Pneumatico Estivo
4019238092523;CONTINENTAL ALL;AllSeasonContact 2;215/65 R16 98H;All Season;119.25;B0BR5G5S2Q;CONTINENTAL - WinterContact TS 870-195/55 R 15-85T/C/B/70dB - Pneumatico invernale
4038526074898;GOODYEAR ZO;Eagle F1 Asymmetric 6;245/40 R18 97Y;Summer;119.25;B09V64L7V1;Goodyear Eagle F1 Asymmetric 6 | Pneumatici estivi
8808563410067;HANKOOK ZO;K115 Ventus Prime2;225/60 R17 99H;Summer;119.25;B01COYDGXM;Hankook Ventus Prime2 K115 - 225/60R17 99H - Pneumatico Estivo
4019238094565;CONTINENTAL ALL;AllSeasonContact 2 SSR;225/45 R17 94W;All Season;118.70;B0DJN4BR26;Gomme 4 stagioni 225 45 R17 94W XL CONTINENTAL AllSeasonContact 2 SSR
4024068000983;UNIROYAL ALL;AllSeasonExpert 2;235/60 R18 107V;All Season;118.70;B07G9RYFFX;Gomme Uniroyal Allseasonexpert 2 235 60 R18 107V TL 4 stagioni per Fuoristrada
4024068004073;UNIROYAL ALL;AllSeasonMax;215/65 R15 104/102T;All Season;118.70;B087QHBCQ7;Gomme Uniroyal Allseasonmax 215 65 R15C 104/102T TL 4 stagioni per Furgoncini
4024068000655;UNIROYAL ALL;AllSeasonExpert 2;235/55 R17 103V;All Season;117.60;B07DCGQ33J;Gomme Uniroyal Allseasonexpert 2 235 55 R17 103V TL 4 stagioni per Fuoristrada
3286340781213;BRIDGESTONE ZO;Turanza T005 AO;225/50 R17 94Y;Summer;117.60;B07NWVL9CY;Bridgestone TURANZA T005-225/50 R17 94Y AO - C/A/71 - pneumatico estivo (per auto e SUV/4X4)
3286342130514;BRIDGESTONE ZO;Turanza 6;215/50 R17 95W;Summer;117.05;B0BQ7GQFXV;Bridgestone TURANZA 6 ENLITEN - 225/45 R17 91Y - B/A/69 - pneumatico estivo (per auto e SUV/4x4)
3286342131719;BRIDGESTONE ZO;Turanza 6;225/50 R17 98Y;Summer;117.05;B0BQ7HF6QG;Bridgestone TURANZA 6 ENLITEN -225/45 R18 95Y XL - B/A/70 - pneumatico estivo (per auto e SUV/4x4)
3286341282313;BRIDGESTONE ZO;Turanza T005 MO;225/50 R17 94Y;Summer;116.50;B08DMD157C;Bridgestone TURANZA T005-225/50 R17 94Y MO - A/B/69 - pneumatico estivo (per auto e SUV/4X4)
4019238050417;CONTINENTAL WI;WinterContact TS870;185/55 R16 87T;Winter;116.50;B0BRPKYLVC;CONTINENTAL - WinterContact TS 870-185/55 R 16-87T/C/B/71dB - Pneumatico invernale
8808563454047;HANKOOK ZO;K127 Ventus S1 Evo3;205/40 R18 86Y;Summer;115.95;B07PXDTCJQ;GOMME PNEUMATICI K127 VENTUS S1 EVO3 XL
3286342120010;BRIDGESTONE WI;Blizzak 6;225/45 R17 94V;Winter;115.40;B0D6RSX2W9;Bridgestone BLIZZAK 6 ENLITEN - 225/45 R17 94V XL - B/B/70 - Pneumatici invernali (vettura e SUV)
4019238050370;CONTINENTAL WI;WinterContact TS870;195/55 R16 91H;Winter;115.40;B095L888F2;CONTINENTAL - WinterContact TS 870-195/55 R 16-91H/C/B/70dB - Pneumatico invernale
8808563545448;HANKOOK ZO;K135 Ventus Prime4;215/60 R16 99V;Summer;115.40;B09V5SFMQJ;Hankook Padangos Ventus Prime 4 (K135) 99 V XL (B A 69dB)
4038526035998;GOODYEAR ZO;EfficientGrip Performance;205/45 R17 88V;Summer;114.85;B08C797V9V;Goodyear EfficientGrip Performance | Pneumatici estivi
4024068001355;UNIROYAL ALL;AllSeasonExpert 2;215/55 R17 98W;All Season;114.30;B07V5918HV;Gomme Uniroyal Allseasonexpert 2 215 55 R17 98W TL 4 stagioni per Fuoristrada
3286341500615;BRIDGESTONE WI;Blizzak LM005;205/70 R15 96T;Winter;113.75;B07V7Y1Y6B;Bridgestone BLIZZAK LM005-205/70 R15 96T - C/A/71 - pneumatico invernale (per auto e SUV/4x4)
4024067004401;SEMPERIT WI WI;SPEED-GRIP 5;215/60 R17 100V;Winter;113.20;B0C813ZYL3;SEMPERIT Pneumatici 215 60 R17 100 V XL Winterreifen PKW
3286340985611;BRIDGESTONE ZO;Turanza T005 * RFT;225/40 R18 92Y;Summer;112.10;B07SLZYKTR;Bridgestone TURANZA T005-225/40 R18 92Y XL * - A/B/70 - pneumatico estivo con tecnologia DriveGuard Run-Flat (per auto e SUV/4X4)
4019238043068;CONTINENTAL WI;WinterContact TS870;195/55 R16 87H;Winter;112.10;B095L5JVST;CONTINENTAL - WinterContact TS 870-195/55 R 16-87H/C/B/70dB - Pneumatico invernale
4019238009767;CONTINENTAL ZO;ContiVanContact 200;195/75 R16 107/105R;Summer;111.55;B07QV2KVB8;GOMME PNEUMATICI VANCONTACT 200
4019238594522;CONTINENTAL ZO;ContiVanContact 100;195/75 R16 107/105R;Summer;111.55;B00AZTX2YC;Continental VanContact 100 - 195/75R16 107R - Pneumatico Estivo
4019238084535;CONTINENTAL WI;WinterContact TS870;205/60 R16 96H;Winter;109.90;B0BT8B7R4D;CONTINENTAL - WinterContact TS 870-205/60 R 16-96H/C/B/70dB - Pneumatico invernale
4024068000976;UNIROYAL ALL;AllSeasonExpert 2;225/65 R17 106V;All Season;109.90;B07KRTRS11;Gomme Uniroyal Allseasonexpert 2 225 65 R17 106V TL 4 stagioni per Fuoristrada
8808563335803;HANKOOK ZO;K117 Ventus S1 Evo2 MO;225/50 R17 94W;Summer;109.35;B00I42TW4G;Hankook Ventus S1 evo2 K117 - 225/50R17 94W - Pneumatico Estivo
4024068003076;UNIROYAL ZO;RainSport 5;225/55 R19 99V;Summer;107.70;B0846LRM8F;Gomme Uniroyal Rainsport 5 225 55 R19 99V TL Estivi per Auto
3286341926613;BRIDGESTONE ZO;Turanza T005 AO;215/45 R17 91W;Summer;107.15;B096B7Q898;Bridgestone TURANZA T005-215/45 R17 91W XL AO - B/A/70 - pneumatico estivo (per auto e SUV/4X4)
4024068000587;UNIROYAL ALL;AllSeasonExpert 2;205/50 R17 93V;All Season;107.15;B07F3RZ3TJ;Gomme Uniroyal Allseasonexpert 2 205 50 R17 93V TL 4 stagioni per Auto
8808563536170;HANKOOK WI;W462 Winter i*cept RS3;215/55 R16 93H;Winter;106.60;B0BR8LW6RS;205 Vr16Vredestein Tl Grip Classic Xl104T E
4019238295337;CONTINENTAL ALL;AllSeasonContact 2;175/65 R17 87H;All Season;105.50;B0DY4HDR22;Gomme 4 stagioni 175 65 R17 87H CONTINENTAL AllSeasonContact 2
8808563415437;HANKOOK WI;W320 Winter i*cept evo2 AO;195/55 R16 91V;Winter;105.50;B082FJZKQD;Gomme Hankook I cept evo2 w320 195 55 R16 91V TL Invernali per Auto
4019238038217;CONTINENTAL WI;WinterContact TS870;205/55 R16 91H;Winter;104.40;B095L4FVZF;CONTINENTAL - WinterContact TS 870-205/55 R 16-91H/C/B/70dB - Pneumatico invernale
4024067003916;SEMPERIT WI WI;SPEED-GRIP 5;205/55 R17 95V;Winter;104.40;B0C81575KM;SEMPERIT Pneumatici 205 55 R17 95 V XL Winterreifen PKW
4019238295344;CONTINENTAL ALL;AllSeasonContact 2;225/40 R18 92W;All Season;103.85;B0DM6VNCCW;Gomme 4 stagioni 225 40 R18 92W XL CONTINENTAL AllSeasonContact 2
8808563437842;HANKOOK ZO;K435 Kinergy Eco2;215/60 R17 100H;Summer;103.85;B07RMXDRNG;KINERGY ECO 2 K435
8808563467382;HANKOOK ALL;RA30 Vantra ST AS2;195/60 R16 99/97H;All Season;103.85;B07Z5HNFLW;Hankook RA30-195/60R16 99H Pneumatico per tutte le stagioni
4019238038231;CONTINENTAL WI;WinterContact TS870;205/60 R16 92T;Winter;103.30;B095L6R836;CONTINENTAL - WinterContact TS 870-205/60 R 16-92T/C/B/70dB - Pneumatico invernale
8808563334493;HANKOOK ZO;RA33 Dynapro HP2;215/65 R16 102V;Summer;103.30;B00AZTRPY0;Hankook Dynapro HP2 RA33 XL M+S - 215/65R16 102V - Pneumatico Estivo
8808563556819;HANKOOK ZO;K135A Ventus Prime4;225/65 R17 102H;Summer;103.30;B09V5RG7VY;Hankook Padangos Ventus Prime 4 (K135A) 102 H (B A B 69dB)
4024068001362;UNIROYAL ALL;AllSeasonExpert 2;215/45 R17 91W;All Season;101.65;B07WX2FQZC;Gomme Uniroyal Allseasonexpert 2 215 45 R17 91W TL 4 stagioni per Auto
4038526101051;GOODYEAR ALL;Vector 4Seasons Gen-2 +;175/65 R17 87H;All Season;101.10;B09V6PFDZ6;Goodyear Vector 4Seasons Gen-2, pneumatici per tutto l'anno
3286341354911;BRIDGESTONE ZO;Turanza T005;195/55 R16 87H;Summer;99.45;B07MCJKYV3;Bridgestone TURANZA T005-195/55 R16 87H - B/B/71 - pneumatico estivo (per auto e SUV/4X4)
3286342570013;BRIDGESTONE ZO;Turanza T005 *;225/40 R18 92Y;Summer;98.90;B096B8S326;Bridgestone TURANZA T005-225/40 R18 92Y XL * - A/B/70 - pneumatico estivo (per auto e SUV/4X4)
8808563422633;HANKOOK ZO;K125 Ventus Prime3;205/55 R17 91V;Summer;98.90;B07BKVFLDC;Hankook Ventus Prime3 K125 - 205/55R16 91V - Pneumatico Estivo
5420068627783;IMPERIAL WI;SNOWDRAGON UHP;265/45 R20 108V;Winter;98.35;B07LH2C2G4;GOMME PNEUMATICI SNOWDRAGON UHP XL
3286341593815;BRIDGESTONE ZO;Turanza T005 AO;225/45 R17 94V;Summer;98.08;B0851VMHT2;Bridgestone TURANZA T005-225/45 R17 94V XL AO - A/A/69 - pneumatico estivo (per auto e SUV/4X4)
6975313253471;KINGBOSS ZO;G866;285/35 R22 106W;Summer;97.80;B0D474LK61;Gomme estive 285 35 R22 106W KINGBOSS G866
3286341375114;BRIDGESTONE ZO;Turanza T005 AO;225/40 R18 92Y;Summer;97.25;B089RM23YG;Bridgestone TURANZA T005-225/40 R18 92Y XL AO - C/A/72 - pneumatico estivo (per auto e SUV/4X4)
5420068627738;IMPERIAL WI;SNOWDRAGON3;275/40 R19 105V;Winter;97.25;B07KJFL13P;GOMME PNEUMATICI SNOWDRAGON 3 XL
8808563545530;HANKOOK ZO;K135 Ventus Prime4;215/50 R17 95W;Summer;97.25;B09V5R84QQ;Hankook Padangos Ventus Prime 4 (K135) 95 W XL (B A 69dB)
8808563393575;HANKOOK ZO;K125B Ventus Prime3 * HRS;205/55 R16 91W;Summer;96.70;B087G81LG7;Gomme Hankook Ventus prime3 k125b 205 55 R16 91W TL Estivi per Auto
8808563433585;HANKOOK ZO;K435 Kinergy Eco2;205/70 R15 96T;Summer;96.70;B07B5KWNTJ;Hankook Kinergy Eco 2 K435 - 205/70R15 96T - Pneumatico Estivo
4019238038224;CONTINENTAL WI;WinterContact TS870;205/55 R16 91T;Winter;96.15;B095L4NNXY;CONTINENTAL - WinterContact TS 870-205/55 R 16-91T/C/B/70dB - Pneumatico invernale
4019238093025;CONTINENTAL ZO;CrossContact RX;215/70 R16 100H;Summer;95.60;B0HC65NY2Y;215 70 R16 100H CONTINENTAL CrossContact RX
4024068004905;UNIROYAL ZO;RainExpert 5;205/65 R15 94V;Summer;95.60;B09J9K7LZB;Gomme Uniroyal Rainexpert 5 205 65 R15 94V TL Estivi per Auto
4024067002988;SEMPERIT WI WI;SPEED-GRIP 5;215/65 R16 98H;Winter;95.05;B0C8141QRV;SEMPERIT Pneumatici 215 65 R16 98 H Winterreifen PKW
8019227431209;PIRELLI ALL;Cinturato All Season SF 3;225/40 R18 92Y;All Season;95.05;B0CSJHWHTL;PIRELLI 225/40 R18 92Y 4 Stagioni XL Auto
8808563375175;HANKOOK ZO;K125 Ventus Prime3;205/60 R16 92H;Summer;95.05;B077L8FKKV;Hankook Ventus Prime3 K125 - 205/60R16 92H - Pneumatico Estivo
5420068635191;IMPERIAL FS ALL;ALL SEASON DRIVER;255/40 R20 101Y;All Season;94.50;B0CRTM7PMG;255 40 R20 101Y XL IMPERIAL ALL SEASON DRIVER
5420068637430;SUPERIA FS ALL;ECOBLUE2 4S;275/40 R20 106W;All Season;93.95;B0F6KWQGLH;Gomme 4 stagioni 275 40 R20 106W XL SUPERIA ECOBLUE2 4S
5420068684106;SUPERIA WI;BLUEWIN SUV;265/60 R18 114H;Winter;93.95;B077Z9QDBX;Gomme Superia Bluewin suv 265 60 R18 114H TL Invernali per Fuoristrada
4019238092011;CONTINENTAL ALL;AllSeasonContact 2;185/65 R15 92V;All Season;92.85;B0CH96Q8KY;AllSeasonContact 2
8808563433592;HANKOOK ZO;K435 Kinergy Eco2;205/65 R15 94V;Summer;92.85;B077L1X7BH;Hankook Kinergy Eco 2 K435 - 205/65R15 94V - Pneumatico Estivo
3286341380019;BRIDGESTONE ZO;Turanza T005;155/60 R15 74T;Summer;92.30;B07NC7Y9H6;Bridgestone TURANZA T005-155/60 R15 74T - C/A/70 - pneumatico estivo (per auto e SUV/4X4)
4038526074645;GOODYEAR ALL;Vector 4Seasons Gen-3;175/65 R15 88H;All Season;92.30;B09J9WJXSP;Goodyear Vector 4Seasons Gen-3 | Pneumatici per tutte le stagioni
8808563393957;HANKOOK ZO;K435 Kinergy Eco2;205/60 R16 92H;Summer;92.30;B077L1RVS1;Hankook Kinergy Eco 2 K435 - 205/60R16 91H - Pneumatico Estivo
3286341938111;BRIDGESTONE ALL;Weather Control A005 Evo;185/60 R15 88V;All Season;91.75;B08DHQ1DNJ;Bridgestone WEATHER CONTROL A005 EVO - 185/60 R15 88V XL - C/A/71 - pneumatico quattro stagioni (per auto e SUV/4x4)
3286343139912;BRIDGESTONE WI;Blizzak 6;205/55 R16 91H;Winter;91.75;B0D6RR423N;Bridgestone BLIZZAK 6 ENLITEN - 205/55 R16 91H - B/B/70 - Pneumatici invernali (vettura e SUV)
4019238038200;CONTINENTAL WI;WinterContact TS870;185/60 R15 88T;Winter;91.75;B095L59914;CONTINENTAL - WinterContact TS 870-185/60 R 15-88T/C/B/70dB - Pneumatico invernale
5420068665907;TRISTAR WI;SNOWPOWER UHP;275/45 R20 110V;Winter;91.75;B07K9Y3F59;Pneumatici TRISTAR WI SNOWPOWER 275 45 VR 20 110V XL Pneumatico invernale UHP per auto nuovi dot originali
8808563545455;HANKOOK ZO;K135 Ventus Prime4;205/60 R16 92H;Summer;91.75;B09V5SKS5L;Hankook Padangos Ventus Prime 4 (K135) 92 H (B A B 69dB)
5420068684045;SUPERIA WI;BLUEWIN SUV;265/70 R16 112T;Winter;91.20;B078D6KJXP;Gomme Superia Bluewin suv 265 70 R16 112T TL Invernali per Fuoristrada
6938112651060;WESTLAKE WI;Z-507;255/55 R19 111H;Winter;91.20;B0HC7DX7K9;255 55 R19 111H XL WESTLAKE Z-507
8859903106379;GOODRIDE ZO;Z-107;255/60 R18 112V;Summer;90.10;B0H883TPWF;GOODRIDE 255/60 R18 112V Estivo XL Auto
4019238038194;CONTINENTAL WI;WinterContact TS870;185/60 R15 84T;Winter;89.55;B095L5T8TM;CONTINENTAL - WinterContact TS 870-185/60 R 15-84T/C/B/70dB - Pneumatico invernale
5420068605835;FORTUNA ZO;ECOPLUS EV;285/35 R20 104W;Summer;89.55;B0HC56RLJC;285 35 ZR20 (104W) XL FORTUNA ECOPLUS EV
5420068668281;TRISTAR WI;SNOWPOWER2;275/35 R19 100V;Winter;89.55;B099ZQYR88;Gomme Tristar Snowpower 2 275 35 R19 100V TL Invernali per Auto
3286341516814;BRIDGESTONE WI;Blizzak LM005;185/60 R15 84T;Winter;89.00;B07TKCQRMB;Bridgestone BLIZZAK LM005-185/60 R15 84T - C/A/70 - pneumatico invernale (per auto e SUV/4x4)
5420068635184;IMPERIAL FS ALL;ALL SEASON DRIVER;245/40 R20 99W;All Season;89.00;B0CRTNJP4Y;245 40 R20 99W XL IMPERIAL ALL SEASON DRIVER
5420068676989;SUPERIA FS ALL;ECOBLUE2 4S;255/45 R19 104Y;All Season;89.00;B0DMC6Y7DW;Gomme 4 stagioni 255 45 R19 104Y XL SUPERIA ECOBLUE2 4S
6975313253426;KINGBOSS ZO;G866;265/50 R20 111W;Summer;89.00;B0D2JX4XZS;Gomme estive 265 50 R20 111W XL KINGBOSS G866
5420068675012;SUPERIA ZO;ECOBLUE SUV;265/50 R20 111W;Summer;88.45;B0DM3YWP7F;Gomme estive 265 50 R20 111W XL SUPERIA ECOBLUE SUV
5420068675005;SUPERIA ZO;ECOBLUE UHP2;265/50 R19 110W;Summer;87.90;B0DZNKC9JG;Gomme estive 265 50 R19 110W XL SUPERIA ECOBLUE UHP2
6938112651053;WESTLAKE WI;Z-507;255/45 R19 104V;Winter;87.35;B0HC4XG21J;255 45 R19 104 V XL WESTLAKE Z-507
8859903104092;WESTLAKE ZO;H188;225/75 R16 118/116R;Summer;87.35;B0HC7MJDY8;225 75 R16 118/116R 10PR WESTLAKE H188
5420068637362;SUPERIA FS ALL;ECOBLUE2 4S;275/35 R19 100W;All Season;86.80;B0F4K4NCGV;Gomme 4 stagioni 275 35 R19 100W XL SUPERIA ECOBLUE2 4S
3286341516913;BRIDGESTONE WI;Blizzak LM005;185/60 R15 88T;Winter;85.70;B07TPNG6Y4;Bridgestone BLIZZAK LM005-185/60 R15 88T XL - C/A/70 - pneumatico invernale (per auto e SUV/4x4)
4019238038354;CONTINENTAL WI;WinterContact TS870;185/65 R15 88T;Winter;84.60;B095L5JZG9;CONTINENTAL - WinterContact TS 870-185/65 R 15-88T/C/B/70dB - Pneumatico invernale
3286341529012;BRIDGESTONE WI;Blizzak LM005;195/65 R15 95T;Winter;84.05;B07TVTYWG4;Bridgestone BLIZZAK LM005-195/65 R15 95T XL - C/A/71 - pneumatico invernale (per auto e SUV/4x4)
3286341529616;BRIDGESTONE WI;Blizzak LM005;195/65 R15 91H;Winter;83.50;B07TKCNV6T;Bridgestone BLIZZAK LM005-195/65 R15 91H - C/A/71 - pneumatico invernale (per auto e SUV/4x4)
4024068005902;UNIROYAL ZO;Rainmax 5;185/0 R14 102/100R;Summer;83.50;B0CTPJR6LY;GOMME PNEUMATICI UNIROYAL 185/82 R14 102/100R RAIN MAX 5
6927116128739;WESTLAKE WI;SW612;225/75 R16 118Q;Winter;83.50;B0788SZLCP;GOMME PNEUMATICI SW612
8808563433233;HANKOOK ZO;K435 Kinergy Eco2;175/55 R15 77T;Summer;83.50;B077L3C938;Hankook Kinergy Eco 2 K435 - 175/55R15 77T - Pneumatico Estivo
8808563446509;HANKOOK ZO;K125 Ventus Prime3;205/55 R16 94H;Summer;83.50;B07PZC1FQC;GOMME PNEUMATICI VENTUS PRIME 3 K125 XL
3286341517217;BRIDGESTONE WI;Blizzak LM005;175/65 R15 88T;Winter;82.95;B07TLDQ3Z2;Bridgestone BLIZZAK LM005-175/65 R15 88T XL - C/A/70 - pneumatico invernale (per auto e SUV/4x4)
5420068674565;SUPERIA ZO;ECOBLUE UHP2;285/35 R18 101W;Summer;82.95;B0F13D66SG;Gomme estive 285 35 R18 101W XL SUPERIA ECOBLUE UHP2
8808563433554;HANKOOK ZO;K435 Kinergy Eco2;165/80 R15 87T;Summer;82.95;B077LC37GB;Hankook Kinergy Eco 2 K435 - 165/80R15 87T - Pneumatico Estivo
3286340889919;BRIDGESTONE ZO;Turanza T005;185/65 R15 88H;Summer;82.40;B078Y6QB1Q;Bridgestone TURANZA T005 - 185/65 R15 88H - B/A/70 - pneumatico estivo (per auto e SUV/4X4)
8848183005472;FIREMAX ZO;FM518;265/65 R17 112H;Summer;82.40;B0HC4W64MZ;265 65 R17 112H FIREMAX FM518
5420068628919;IMPERIAL FS ALL;AS DRIVER;235/55 R19 105W;All Season;81.85;B07YN2JCC7;GOMME PNEUMATICI ALL SEASON DRIVER XL
5420068674978;SUPERIA ZO;ECOBLUE UHP2;255/55 R19 111W;Summer;81.85;B0DQ8NNW8T;Gomme estive 255 55 R19 111W XL SUPERIA ECOBLUE UHP2
5420068678143;ATLAS FS ALL;GREEN VAN 4S;235/65 R16 121/119R;All Season;81.85;B0G1CC748R;235 65 R16 121/119R 10PR ATLAS GREEN VAN 4S
5420068679485;FORTUNA FS ALL;ECOPLUS VAN 4S;235/65 R16 121/119R;All Season;81.85;B0D869X8L3;FORTUNA 235/65 R16 121/119R 4 Stagioni LCamion
4024068004387;UNIROYAL ZO;RainExpert 5;195/60 R15 88V;Summer;80.20;B09JCZTBY4;Gomme Uniroyal Rainexpert 5 195 60 R15 88V TL Estivi per Auto
5420068668250;TRISTAR WI;SNOWPOWER UHP;245/40 R20 99V;Winter;80.20;B089RNG73X;Gomme Tristar Snowpower uhp 245 40 R20 99V TL Invernali per Auto
5420068675036;SUPERIA ZO;ECOBLUE UHP2;275/45 R19 108W;Summer;80.20;B0DYNB488Z;Gomme estive 275 45 R19 108W XL SUPERIA ECOBLUE UHP2
6927116128784;WESTLAKE WI;SW612;215/75 R16 113Q;Winter;80.20;B07Q6L1MPK;GOMME PNEUMATICI SW612
8808563413976;HANKOOK ZO;K125 Ventus Prime3;195/60 R15 88H;Summer;79.65;B01MS6QQWV;Hankook Ventus Prime3 K125 - 195/60R15 88H - Pneumatico Estivo
4024068004707;UNIROYAL ZO;RainExpert 5;165/65 R15 81T;Summer;79.10;B09JCZ1JXK;Gomme Uniroyal Rainexpert 5 165 65 R15 81T TL Estivi per Auto
5420068625833;IMPERIAL ZO;ECOSPORT2;275/30 R19 96Y;Summer;79.10;B07BHC1XXR;Gomme Imperial Ecosport 2 f205 275 30Z R19 96Y TL Estivi per Auto
6975313253419;KINGBOSS ZO;G866;265/40 R20 104W;Summer;79.10;B0DLBRV97S;Gomme estive 265 40 R20 104W XL KINGBOSS G866
8808563411835;HANKOOK ZO;K125 Ventus Prime3;195/60 R15 88V;Summer;78.55;B01N5OONYP;Hankook Ventus Prime3 K125 - 195/60R15 88V - Pneumatico Estivo
3286340890311;BRIDGESTONE ZO;Turanza T005;195/65 R15 91V;Summer;78.00;B078Y5CDH2;Bridgestone TURANZA T005 - 195/65 R15 91V - B/A/71 - pneumatico estivo (per auto e SUV/4X4)
3286341517316;BRIDGESTONE WI;Blizzak LM005;185/65 R15 88T;Winter;78.00;B07S2S9VN2;Bridgestone BLIZZAK LM005-185/65 R15 88T - C/A/71 - pneumatico invernale (per auto e SUV/4x4)
3286341529111;BRIDGESTONE WI;Blizzak LM005;195/65 R15 91T;Winter;78.00;B07RYMTNL8;Bridgestone BLIZZAK LM005-195/65 R15 91T - C/A/71 - pneumatico invernale (per auto e SUV/4x4)
6938112651046;WESTLAKE WI;Z-507;245/50 R19 105H;Winter;78.00;B0HC59PCGB;245 50 R19 105H XL WESTLAKE Z-507
5420068634637;IMPERIAL FS ALL;VAN DRIVER AS;215/65 R15 104/102T;All Season;77.45;B0C473YBG7;IMPERIAL 215/65 R15 104/102T 4 Stagioni LCamion
6938112625597;GOODRIDE ZO;H188;225/65 R16 112T;Summer;76.85;B08QYL14SQ;Lampada a LED 3D 7 colori Interruttore tattile Lampada da tavolo da tavolo,Lampada lava Acrilico Illusion Room Atmosfera Illuminazione Gioco Fans Gift
5420068628513;IMPERIAL FS ALL;AS DRIVER;245/45 R18 100Y;All Season;75.75;B07YN1WVXC;GOMME PNEUMATICI ALL SEASON DRIVER XL
3286340928618;BRIDGESTONE ZO;Ecopia EP150;195/65 R15 91H;Summer;75.25;B01DXRQ3M0;Bridgestone EP150 - 65/195/R15 91H - B/C/69 dB - Pneumatico Estivo
8808563411422;HANKOOK ZO;K435 Kinergy Eco2;175/65 R15 84T;Summer;75.25;B079QB6VNM;Hankook Kinergy Eco 2 K435 - 175/65R15 84T - Pneumatico Estivo
5420068646098;FORTUNA ZO;ECOPLUS UHP;275/30 R19 96W;Summer;74.15;B08LVNHGZM;Gomme Fortuna Ecoplus uhp 275 30 R19 96W TL Estivi per Auto
5420068657711;ATLAS WI;POLARBEAR UHP3;215/50 R19 93T;Winter;74.15;B0CDN123CY;ATLAS Pneumatici 215 50 R19 93 T Winterreifen PKW
8808563590431;HANKOOK ZO;K125 Ventus Prime3;195/50 R15 82V;Summer;74.15;B0BMY5JQCR;Gomme estive 195 50 R15 82V HANKOOK K125 Ventus Prime3
6938112611835;WESTLAKE ZO;SU318;235/65 R17 108V;Summer;73.60;B07KRFZV3W;GOMME PNEUMATICI SU318 H/T M+S XL
8808563462608;HANKOOK ALL;H750 Kinergy 4S2;185/65 R14 86H;All Season;73.60;B07S37JGKR;HANKOOK H750 ALLSEASON - Pneumatici per tutte le stagioni 1856514
8859903104849;WESTLAKE ALL;Z-401 4S;235/55 R19 105W;All Season;73.60;B0HC55CQKJ;235 55 R19 105W XL WESTLAKE Z-401
5420068627677;IMPERIAL WI;SNOWDRAGON UHP;225/45 R19 96V;Winter;73.05;B07JY9Z4NB;GOMME PNEUMATICI SNOWDRAGON UHP
8859903103705;WESTLAKE ZO;Z-107;235/55 R19 105V;Summer;73.05;B0HC7Q5FDT;235 55 R19 105V XL WESTLAKE Z-107
5420068678075;ATLAS FS ALL;GREEN VAN 4S;225/70 R15 112/110R;All Season;72.50;B0FZKXVFTD;225 70 R15 112/110R 8PR ATLAS GREEN VAN 4S
8859903104719;WESTLAKE ALL;Z-401 4S;225/55 R19 99V;All Season;72.50;B0HC4CZXTX;225 55 R19 99 V WESTLAKE Z-401 4S
8859903104870;WESTLAKE ALL;Z-401 4S;235/60 R18 107V;All Season;72.50;B0HC84CVN8;235 60 R18 107V XL WESTLAKE Z-401
5420068627752;IMPERIAL WI;SNOWDRAGON3;245/35 R19 93V;Winter;71.95;B07JL4SM46;GOMME PNEUMATICI SNOWDRAGON 3 XL
5420068628568;IMPERIAL FS ALL;AS DRIVER;245/40 R18 97Y;All Season;71.95;B07VQK2KFD;Gomme Imperial As driver 245 40 R18 97Y TL 4 stagioni per Auto
5420068638901;SUPERIA WI;BLUEWIN VAN;225/65 R16 112R;Winter;71.95;B0DJHJ4FPP;Gomme invernali 225 65 R16 112R SUPERIA BLUEWIN VAN
6975313252238;KINGBOSS ZO;G577;235/55 R18 104H;Summer;71.95;B0D35Q9G6G;Gomme estive 235 55 R18 104H KINGBOSS G577
8859903104832;WESTLAKE ALL;Z-401 4S;235/55 R18 100V;All Season;71.95;B0HC7D49TB;235 55 R18 100 V WESTLAKE Z-401 4S
5420068618538;SUPERIA FS ALL;ECOBLUE2 4S;245/45 R19 102Y;All Season;71.95;B0DK9FK9X7;Gomme 4 stagioni 245 45 R19 102Y XL SUPERIA ECOBLUE2 4S
5420068615032;DURATURN WI;MOZZO WINTER VAN;195/75 R16 107/105R;Winter;71.40;B07GTDQTC7;Pneumatici DURATURN WI M WINTER 195 75 R 16 107R Pneumatico invernale VAN per auto nuovi dot originali
5420068637577;SUPERIA ZO;ECOBLUE EV;245/40 R21 100Y;Summer;71.40;B0DSQ6WX5Y;Gomme estive 245 40 R21 100Y XL SUPERIA ECOBLUE EV
5420068639007;SUPERIA WI;BLUEWIN UHP3;235/40 R19 96V;Winter;71.40;B0DJPYR7CF;Gomme invernali 235 40 R19 96V XL SUPERIA BLUEWIN UHP3
6927116160463;WESTLAKE ZO;SU318;235/60 R18 103V;Summer;71.40;B014VPVC9W;GOMME PNEUMATICI SU318 H/T M+S
8808563433424;HANKOOK ZO;K435 Kinergy Eco2;165/80 R13 83T;Summer;71.40;B079P5PR4W;Hankook Kinergy Eco 2 K435 - 165/80R13 83T - Pneumatico Estivo
8808563438870;HANKOOK ZO;K435 Kinergy Eco2;195/65 R15 91H;Summer;71.40;B0BD12BQ7Q;HANKOOK KINERGY ECO 2 K435-195/65R15 91H â B/B/69 â Pneumatici estivi
8848183008862;FIREMAX ZO;FM916;235/65 R16 115/113R;Summer;71.40;B0HC5ZMZ98;235 65 R16 115/113R 8PR FIREMAX FM916
8859903105099;WESTLAKE ALL;SW613 4S;225/70 R15 112/110R;All Season;71.40;B0HC4V1NZ8;225 70 R15 112/110R WESTLAKE SW613 4S
5420068626670;IMPERIAL WI;SNOWDRAGON UHP;225/55 R17 101V;Winter;70.85;B00AEQYB1Y;Pneumatici IMPERIAL WI SNOWDRAGON 225 55 VR 17 101V XL Pneumatico invernale UHP per auto nuovi dot originali
5420068646081;FORTUNA ZO;ECOPLUS UHP;255/35 R20 97W;Summer;70.85;B08FF34Y8F;Gomme Fortuna Ecoplus uhp 255 35 R20 97W TL Estivi per Auto
6938112605735;GOODRIDE ZO;H188;225/70 R15 112R;Summer;70.85;B07FDLX3XH;Goodride H188-225/70R15 112R â Pneumatici estivi
5420068638963;SUPERIA WI;BLUEWIN SUV2;225/55 R18 98V;Winter;70.30;B0DCVFW4V8;Gomme invernali 225 55 R18 98V SUPERIA BLUEWIN SUV2
8848183005465;FIREMAX ZO;FM518;235/60 R18 107V;Summer;70.30;B0HC4YCVKJ;235 60 R18 107 V XL FIREMAX FM518
8859903104825;WESTLAKE ALL;Z-401 4S;235/55 R17 103W;All Season;70.30;B0HC53TVPX;235 55 R17 103W XL WESTLAKE Z-401 4S
8859903104924;WESTLAKE ALL;Z-401 4S;245/45 R19 102W;All Season;70.30;B0HC7L3GRG;245 45 R19 102W XL WESTLAKE Z-401 4S
8859903105037;WESTLAKE ALL;SW613 4S;205/65 R16 107/105T;All Season;70.30;B0HC4RBJZX;205 65 R16 107/105T 8PR WESTLAKE SW613 4S
6971901478745;FIREMAX ZO;FM916;225/65 R16 112T;Summer;70.30;B07PM8DBX5;1 PNEUMATICO GOMMA 225 65 R16 112T FIREMAX FM916 trasporto leggero estivi
5420068618682;SUPERIA ZO;ECOBLUE EV;245/35 R20 95W;Summer;69.20;B0DSLSDZXS;Gomme estive 245 35 R20 95W XL SUPERIA ECOBLUE EV
5420068622955;IMPERIAL WI;IR1;195/0 R14 106/104Q;Winter;69.20;B019AJ66H2;Imperial IR1 - 195/65R14 106Q - Pneumatico Invernale
5420068659180;ATLAS ZO;GREEN VAN2;195/75 R16 110/108S;Summer;69.20;B0G2MLCPDG;ATLAS 195/75 R16 110/108S Estivo LCamion
5420068675913;FORTUNA ZO;EURO VAN;215/65 R16 109/107S;Summer;69.20;B0D44LRZ8P;FORTUNA 215/65 R16 109/107S Estivo LCamion
5420068678907;FORTUNA FS ALL;ECOPLUS2 4S;235/55 R17 103W;All Season;69.20;B0D5W622KF;FORTUNA 235/55 R17 103W 4 Stagioni XL Auto
8848183007261;FIREMAX ZO;FM601;245/45 R19 102W;Summer;69.20;B0HC5QJY1K;245 45 R19 102W XL FIREMAX FM601
8859903104733;WESTLAKE ALL;Z-401 4S;225/65 R17 106H;All Season;69.20;B0HC4R8LH1;225 65 R17 106H XL WESTLAKE Z-401 4S
8859903104894;WESTLAKE ALL;Z-401 4S;245/40 R19 98W;All Season;69.20;B0HC48MV49;245 40 R19 98W XL WESTLAKE Z-401 4S
5420068617913;VICTORY ZO;ROAD VAN;225/70 R15 112/110S;Summer;68.65;B0H2493H4Q;225 70 R15 112/110S VICTORY ROAD VAN
5420068659319;ATLAS ZO;GREEN VAN2;215/65 R16 109/107S;Summer;68.65;B0G2MPQH9S;ATLAS 215/65 R16 109/107S Estivo LCamion
5420068679508;FORTUNA FS ALL;ECOPLUS VAN 4S;215/60 R16 103/101T;All Season;68.65;B0F68FQST6;215 60 R16 103/101T 6PR FORTUNA ECOPLUS VAN 4S
8808563452913;HANKOOK ZO;K435 Kinergy Eco2;175/65 R14 82T;Summer;68.65;B07BF7NRWF;Hankook Kinergy Eco 2 K435 - 175/65R14 82T - Pneumatico Estivo
8859903105129;WESTLAKE ALL;SW613 4S;195/75 R16 110/108R;All Season;68.65;B0HC5747YC;195 75 R16 110/108R 8PR WESTLAKE SW613 4S
5420068637317;SUPERIA FS ALL;ECOBLUE2 4S;235/50 R18 101W;All Season;68.10;B0F9121CVR;SUPERIA 235/50 R18 101W 4 Stagioni XL Auto
5420068645831;FORTUNA WI;WINTER SUV;215/70 R16 100T;Winter;68.10;B075FK8N2W;Gomme Fortuna Winter suv 215 70 R16 100T TL Invernali per Fuoristrada
6975313252184;KINGBOSS ZO;G577;225/65 R17 102H;Summer;68.10;B0D2DHWMBM;225 65 R17 102H KINGBOSS G577
8808563590738;HANKOOK ZO;K435 Kinergy Eco2;195/65 R15 91T;Summer;68.10;B0BTBLF89T;195 65 R15 91T HANKOOK K435 Kinergy Eco2
8859903104559;WESTLAKE ALL;Z-401 4S;215/55 R18 99V;All Season;68.10;B0HC5N51F9;215 55 R18 99 V WESTLAKE Z-401 4S
8859903104696;WESTLAKE ALL;Z-401 4S;225/55 R17 101W;All Season;68.10;B0HC5HKT4F;225 55 R17 101W XL WESTLAKE Z-401 4S
8859903104917;WESTLAKE ALL;Z-401 4S;245/45 R18 100W;All Season;68.10;B0HC4XPDQ4;245 45 R18 100W XL WESTLAKE Z-401 4S
8859903104931;WESTLAKE ALL;Z-401 4S;255/35 R19 96W;All Season;68.10;B0HC35XGZ5;255 35 R19 96W WESTLAKE Z-401 4S
8859903105013;WESTLAKE ALL;SW613 4S;195/65 R16 104/102T;All Season;68.10;B0HC5KTR85;195 65 R16 104/102T WESTLAKE SW613 4S
5420068638994;SUPERIA WI;BLUEWIN VAN;195/75 R16 110/108S;Winter;67.55;B0DK9J5PY3;Gomme invernali 195 75 R16 110/108S 10PR SUPERIA BLUEWIN VAN
5420068659081;ATLAS ZO;SPORTGREEN3;255/35 R19 96Y;Summer;67.55;B0F68PJ76F;255 35 R19 96Y XL ATLAS SPORTGREEN3
5420068677375;SUPERIA FS ALL;ECOBLUE 4S;225/65 R17 102V;All Season;67.55;B0D86G9K4N;Gomme 4 stagioni 225 65 R17 102V SUPERIA ECOBLUE 4S
6927116141134;WESTLAKE WI;SW612;195/75 R16 107R;Winter;67.55;B00O4PADE0;GOMME PNEUMATICI SW612
6938112651039;WESTLAKE WI;Z-507;215/45 R18 93V;Winter;67.55;B0HC3VMTRX;215 45 R18 93 V XL WESTLAKE Z-507
6971901478752;FIREMAX ZO;FM916;205/75 R16 110R;Summer;67.55;B08QDLC977;FIREMAX Pneumatici 205 75 R16 110 R Sommerreifen LLKW
6975313250487;KINGBOSS ZO;G866;245/40 R19 98W;Summer;67.55;B0D47432VW;Gomme estive 245 40 R19 98W XL KINGBOSS G866
5420068617937;VICTORY ZO;ROAD VAN;215/65 R15 104/102T;Summer;67.00;B0F4T4SJSY;Gomme estive 215 65 R15 104/102T 6PR VICTORY ROAD VAN
5420068627301;IMPERIAL ZO;ECOSPORT;235/50 R17 100W;Summer;67.00;B07BZ7X7WV;Pneumatici IMPERIAL ZO ECOSPORT 235 50 WR 17 100W XL Pneumatico estivo per auto nuovi dot originali
5420068678211;ATLAS FS ALL;GREEN 4S;225/65 R17 102V;All Season;67.00;B0FP5JN1W5;ATLAS 225/65 R17 102V 4 Stagioni Auto
6938112607876;WESTLAKE WI;SW608;235/45 R19 99V;Winter;67.00;B07T14LQ88;GOMME PNEUMATICI SW608 XL
6971901476642;FIREMAX ZO;FM916;205/0 R16 110Q;Summer;67.00;B0C5B3JBM8;Pneumatici 205/80 r16 110Q 8PR Firemax FM916 Gomme estive nuove
8859903103712;WESTLAKE ZO;Z-107;235/60 R16 100H;Summer;67.00;B0HC6R6H8Y;235 60 R16 100H WESTLAKE Z-107
6938112605612;WESTLAKE ZO;H188;195/75 R16 107R;Summer;67.00;B07KGFF9Q8;GOMME PNEUMATICI H188
5420068619634;FORTUNA FS ALL;ECOPLUS2 4S;215/65 R17 99V;All Season;66.45;B0F68TBC3N;215 65 R17 99V FORTUNA ECOPLUS2 4S
5420068637270;SUPERIA FS ALL;ECOBLUE2 VAN 4S;195/75 R16 107/105S;All Season;66.45;B0F4X7Q8KB;Gomme 4 stagioni 195 75 R16 107/105S 10PR SUPERIA ECOBLUE2 VAN 4S
5420068639311;FORTUNA WI;GOWIN UHP;235/55 R17 103V;Winter;66.45;B0F68PNF22;235 55 R17 103V XL FORTUNA GOWIN UHP
8848183007469;FIREMAX ZO;FM601;245/35 R20 95W;Summer;66.45;B0HC3DDWTR;245 35 R20 95W XL FIREMAX FM601
8859903103934;WESTLAKE ZO;H188;195/65 R16 104/102T;Summer;66.45;B0HC3WLZ87;195 65 R16 104/102T 8PR WESTLAKE H188
8859903104634;WESTLAKE ALL;Z-401 4S;225/40 R19 93W;All Season;66.45;B0HC514GQB;225 40 R19 93W XL WESTLAKE Z-401
8859903104900;WESTLAKE ALL;Z-401 4S;245/45 R17 99W;All Season;66.45;B0HC4QXV1P;245 45 R17 99W XL WESTLAKE Z-401 4S
8808563411392;HANKOOK ZO;K435 Kinergy Eco2;175/65 R14 82T;Summer;66.45;B07BB9LSGS;Hankook Kinergy Eco 2 K435 - 175/65R14 82T - Pneumatico Estivo
5420068637379;SUPERIA FS ALL;ECOBLUE2 4S;195/55 R20 95H;All Season;65.90;B0F436423Q;Gomme 4 stagioni 195 55 R20 95H XL SUPERIA ECOBLUE2 4S
5420068657773;ATLAS WI;POLARBEAR UHP3;225/40 R19 93V;Winter;65.90;B0CNTV1H9F;ATLAS Pneumatici 225 40 R19 93 V XL Winterreifen PKW
5420068677047;SUPERIA FS ALL;ECOBLUE2 4S;225/40 R19 93W;All Season;65.90;B0DPGTCN57;Gomme 4 stagioni 225 40 R19 93W XL SUPERIA ECOBLUE2 4S
6975313254263;KINGBOSS ALL;AS365 allseason;245/45 R18 100W;All Season;65.90;B0F47ZP6RH;245 45 R18 100W XL KINGBOSS AS365 allseason
8848183008800;FIREMAX ZO;FM916;225/70 R15 112/110R;Summer;65.90;B0HC36W2RL;225 70 R15 112/110R 8PR FIREMAX FM916
8859903102999;WESTLAKE ZO;Z-107;195/55 R20 95H;Summer;65.90;B0HC73FG7T;195 55 R20 95H XL WESTLAKE Z-107
8859903103798;WESTLAKE ZO;Z-107;245/45 R17 99W;Summer;65.90;B0HC6YMJP9;245 45 R17 99W XL WESTLAKE Z-107
8859903104573;WESTLAKE ALL;Z-401 4S;215/60 R17 96H;All Season;65.90;B0HC76Q53J;215 60 R17 96H WESTLAKE Z-401 4S
8859903104788;WESTLAKE ALL;Z-401 4S;235/45 R18 98W;All Season;65.90;B0HC4PF7JQ;235 45 R18 98W XL WESTLAKE Z-401 4S
8859903104993;WESTLAKE ALL;SW613 4S;185/75 R16 104/102Q;All Season;65.90;B0HC7NNH3J;185 75 R16 104/102Q WESTLAKE SW613 4S
8859903105006;WESTLAKE ALL;SW613;195/60 R16 99/97T;All Season;65.90;B0HC6Q2DQR;195 60 R16 99/97T WESTLAKE SW613
5420068644155;FORTUNA ZO;ECOPLUS UHP;235/45 R18 98W;Summer;65.35;B01MY8WI7X;Fortuna EcoPlus UHP XL - 235/45R18 98W - Pneumatico Estivo
8848183007193;FIREMAX ZO;FM601;255/35 R19 96W;Summer;65.35;B0HC554P3P;255 35 R19 96W XL FIREMAX FM601
8848183007100;FIREMAX ZO;FM601;235/55 R17 103V;Summer;65.35;B0HC4YH6HD;235 55 R17 103 V XL FIREMAX FM601
5420068634255;IMPERIAL ZO;ECOVAN3 RF19;185/0 R14 102/100S;Summer;64.75;B09TSP8WP8;IMPERIAL 185/- R14 102/100S Estivo LCamion
5420068677634;ATLAS FS ALL;GREEN3 4S;225/50 R17 98W;All Season;64.75;B0FP5N7GQQ;ATLAS 225/50 R17 98W 4 Stagioni XL Auto
6938112605551;WESTLAKE ZO;H188;195/70 R15 104R;Summer;64.75;B07G8KB7JV;GOMME PNEUMATICI H188
6975313254300;KINGBOSS ALL;AS365 allseason;225/40 R19 93W;All Season;64.75;B0F66TW412;Gomme 4 stagioni 225 40 R19 93W XL KINGBOSS AS365 allseason
8859903103521;WESTLAKE ZO;Z-107;225/45 R19 96W;Summer;64.75;B0HC5BDGYT;225 45 R19 96W XL WESTLAKE Z-107
8859903104603;WESTLAKE ALL;Z-401 4S;215/70 R16 100H;All Season;64.75;B0HC5311Z2;215 70 R16 100H WESTLAKE Z-401 4S
5420068677627;ATLAS FS ALL;GREEN3 4S;225/50 R17 94W;All Season;64.25;B0F67QTPCX;225 50 R17 94W ATLAS GREEN3 4S
6971901474235;FIREMAX ZO;FM518;225/60 R17 99H;Summer;64.25;B08MLGZHR4;FIREMAX 225 60 R17 99 H Pneumatico Sommerreifen OFF
8848183005373;FIREMAX ZO;FM518;225/60 R17 99H;Summer;64.25;B0HC6JQZKR;225 60 R17 99H FIREMAX FM518
8848183007148;FIREMAX ZO;FM601;235/45 R18 98W;Summer;64.25;B0HC4XM3Z7;235 45 R18 98W XL FIREMAX FM601
8859903104665;WESTLAKE ALL;Z-401 4S;225/50 R17 98W;All Season;64.25;B0HC7L2PK4;225 50 R17 98W XL WESTLAKE Z-401 4S
8859903104771;WESTLAKE ALL;Z-401 4S;235/45 R17 97W;All Season;64.25;B0HC5BDRPM;235 45 R17 97W XL WESTLAKE Z-401 4S
8848183008909;FIREMAX ZO;FM916;205/65 R16 107/105R;Summer;64.25;B0HC8467H7;205 65 R16 107/105R 8PR FIREMAX FM916
5420068637324;SUPERIA FS ALL;ECOBLUE2 4S;215/45 R18 93W;All Season;63.70;B0F43C3C5N;Gomme 4 stagioni 215 45 R18 93W XL SUPERIA ECOBLUE2 4S
6927116144531;WESTLAKE WI;SW612;205/70 R15 106R;Winter;63.70;B00O4PA8Y0;GOMME PNEUMATICI SW612
8859903104511;WESTLAKE ALL;Z-401 4S;215/45 R18 93W;All Season;63.70;B0HC7P7KJ9;215 45 R18 93W XL WESTLAKE Z-401 4S
6975313252436;KINGBOSS ZO;G866;255/35 R19 96W;Summer;63.70;B0DKTX2XK3;Sommerreifen 255 35 R19 96W XL KINGBOSS G866
5420068617876;VICTORY ZO;ROAD VAN;195/70 R15 104/102R;Summer;63.15;B0F4T4MJH4;Gomme estive 195 70 R15 104/102R VICTORY ROAD VAN
5420068634507;IMPERIAL WI;SNOWDRAGON VAN;185/0 R14 102/100R;Winter;63.15;B0BSZ671H7;GOMME PNEUMATICI IMPERIAL 185 R14 102100R SNOWDRAGON VAN
5420068639540;FORTUNA WI;GOWIN VAN;195/70 R15 104R;Winter;63.15;B0FX3DC162;195 70 R15 104R 8PR FORTUNA GOWIN VAN
5420068677863;ATLAS FS ALL;GREEN 4S;235/40 R18 95W;All Season;63.15;B0F68Y7D4B;235 40 R18 95W XL ATLAS GREEN 4S
5420068688265;SUPERIA ZO;ECOBLUE UHP;225/55 R17 101W;Summer;63.15;B099S2136N;SUPERIA 225/55 17 101W Estivo XL Auto
6927116128777;WESTLAKE WI;SW612;185/75 R16 104Q;Winter;63.15;B07NVWFVDL;GOMME PNEUMATICI SW612
5420068674664;SUPERIA ZO;ECOBLUE VAN2;185/0 R15 103/102R;Summer;62.60;B0DCV97S86;SUPERIA Pneu Ã©tÃ© 185 R 15 C TL 103/102R ECOBLUE VAN2 8PR BSW
5420068675753;FORTUNA ZO;EURO VAN;185/0 R15 103/102R;Summer;62.60;B0DCV8LJ6S;FORTUNA Pneumatici Estivi 185 R15 TL 103/102R EURO VAN C 8PR BSW
5420068677931;ATLAS FS ALL;GREEN 4S;225/35 R19 88W;All Season;62.60;B0F67MYY8V;225 35 R19 88W XL ATLAS GREEN 4S
5420068688463;SUPERIA ZO;ECOBLUE UHP;245/40 R18 97W;Summer;62.60;B099S123FQ;SUPERIA - 245/40 R18 TL 97W ECOBLUE UHP XL BSW â Pneumatici estivi
6975313254218;KINGBOSS ALL;AS365 allseason;225/50 R17 98W;All Season;62.60;B0F47XMSKV;225 50 R17 98W XL KINGBOSS AS365
8848183005359;FIREMAX ZO;FM518;215/65 R16 98H;Summer;62.60;B0HC7K9HV5;215 65 R16 98H FIREMAX FM518
8859903104542;WESTLAKE ALL;Z-401 4S;215/55 R17 98V;All Season;62.60;B0HC7X22D4;215 55 R17 98 V XL WESTLAKE Z-401 4S
8848183007124;FIREMAX ZO;FM601;235/35 R19 91W;Summer;62.05;B0HC876X6G;235 35 R19 91W XL FIREMAX FM601
8859903104467;WESTLAKE ALL;Z-401 4S;205/60 R16 96V;All Season;62.05;B0HC4QVGK3;205 60 R16 96 V XL WESTLAKE Z-401 4S
8848183007506;FIREMAX ZO;FM601;245/35 R19 93W;Summer;62.05;B0HC4CVPXM;245 35 R19 93W XL FIREMAX FM601
6927116138554;WESTLAKE WI;SW612;195/60 R16 99T;Winter;61.50;B00ODP79Z2;GOMME PNEUMATICI SW612
6938112620417;WESTLAKE ZO;Z-107;215/55 R17 98W;Summer;61.50;B07VPKBCHN;Gomme Westlake Z 107 215 55 R17 98W TL Estivi per Auto
6971901478875;FIREMAX ZO;FM916;195/60 R16 99T;Summer;61.50;B07PP8KLYT;1 PNEUMATICO GOMMA 195 60 R16 99T FIREMAX FM916 6PR trasporto leggero estivi
8848183006875;FIREMAX ZO;FM601;215/55 R17 98W;Summer;61.50;B0HC5GH8D5;215 55 R17 98W XL FIREMAX FM601
8859903104498;WESTLAKE ALL;Z-401 4S;215/45 R16 90V;All Season;61.50;B0HC3XQQMM;215 45 R16 90 V XL WESTLAKE Z-401
8859903104528;WESTLAKE ALL;Z-401 4S;215/50 R17 95W;All Season;61.50;B0HC7L3HJG;215 50 R17 95W XL WESTLAKE Z-401 4S
5420068659296;ATLAS ZO;GREEN VAN2;195/65 R16 104/102S;Summer;60.95;B0F67QP65B;195 65 R16 104/102S 8PR ATLAS GREEN VAN2
6938112637231;WESTLAKE WI;Z-507;205/55 R17 95V;Winter;60.95;B0DG95S2NK;205 55 R17 95V XL WESTLAKE Z-507
8859903104566;WESTLAKE ALL;Z-401 4S;215/60 R16 99V;All Season;60.95;B0HC5DGS1T;215 60 R16 99 V XL WESTLAKE Z-401 4S
8859903104627;WESTLAKE ALL;Z-401 4S;225/40 R18 92W;All Season;60.95;B0HC75KG9X;225 40 R18 92W XL WESTLAKE Z-401 4S
5420068637294;SUPERIA FS ALL;ECOBLUE2 4S;215/45 R17 91W;All Season;60.40;B0F5KTN94S;Gomme 4 stagioni 215 45 R17 91W XL SUPERIA ECOBLUE2 4S
5420068647637;FORTUNA ZO;ECOPLUS UHP;225/50 R17 98Y;Summer;60.40;B08LVN2C4G;Gomme Fortuna Ecoplus uhp 225 50 R17 98Y TL Estivi per Auto
5420068649761;FORTUNA ZO;EURO VAN+;185/0 R14 102/100R;Summer;60.40;B0C6YLL7J5;FORTUNA Pneumatici estivi 185 R 14 C TL 102/100R EURO VAN+ 8PR BSW
5420068658794;ATLAS ZO;SPORTGREEN2;205/55 R17 95W;Summer;60.40;B0FP5KCXDF;ATLAS 205/55 R17 95W Estivo XL Auto
5420068665129;TRISTAR ZO;POWERVAN2 RF19;175/0 R14 99/98R;Summer;60.40;B07J1XXRW3;Pneumatici TRISTAR ZO POWERVAN2 175 R 14 99 R Pneumatico estivo per auto nuovi dot originali
5420068682218;SUPERIA WI;BLUEWIN HP;215/60 R16 99H;Winter;60.40;B017SH5VUQ;Superia Bluewin Hp(MS) Xl Tl 5420068682218
6971901477274;FIREMAX ZO;FM601;215/70 R15 98H;Summer;60.40;B08Z7TY6S3;Anime Figura Lampada Fate Okita Souji Led Night Light per Camera Da Letto Decor Nightlight Compleanno-Telecomando
8848183006943;FIREMAX ZO;FM601;225/35 R19 88W;Summer;60.40;B0HC7TTQHL;225 35 R19 88W XL FIREMAX FM601
8848183007032;FIREMAX ZO;FM601;225/50 R17 98W;Summer;60.40;B0HC86ZDQT;225 50 R17 98W XL FIREMAX FM601
8848183007094;FIREMAX ZO;FM601;235/40 R18 95W;Summer;60.40;B0HC7J3N9B;235 40 R18 95W XL FIREMAX FM601
8859903104429;WESTLAKE ALL;Z-401 4S;205/50 R17 93V;All Season;60.40;B0HC4F9TDB;205 50 R17 93 V XL WESTLAKE Z-401 4S
8859903104450;WESTLAKE ALL;Z-401 4S;205/55 R17 95V;All Season;60.40;B0HC51RXWJ;205 55 R17 95 V XL WESTLAKE Z-401 4S
8859903104641;WESTLAKE ALL;Z-401 4S;225/45 R17 94W;All Season;60.40;B0HC4LD9NN;225 45 R17 94W XL WESTLAKE Z-401 4S
5420068657728;ATLAS WI;POLARBEAR UHP3;215/45 R17 91V;Winter;60.13;B0CJHVVBW6;ATLAS 215 45 R17 91 V XL Pneumatico Winterreifen PKW
8848183008688;FIREMAX ZO;FM916;195/60 R16 99/97T;Summer;59.85;B0HC7KBWM4;195 60 R16 99/97T 6PR FIREMAX FM916
8859903104481;WESTLAKE ALL;Z-401 4S;215/40 R17 87W;All Season;59.85;B0HC6FDJFZ;215 40 R17 87W XL WESTLAKE Z-401 4S
5420068654864;ATLAS ZO;SPORTGREEN2;225/45 R17 94W;Summer;59.85;B08CGNH51N;Pneumatici estivi ATLAS 225/45 R17 94W SPORTGREEN2 XL
5420068622924;IMPERIAL WI;IR1;155/0 R12 88/86Q;Winter;59.30;B01BSV740I;Imperial IR1 155/80R12 88Q Pneumatico invernales
5420068638185;ATLAS WI;POLARBEAR UHP;205/50 R17 93V;Winter;59.30;B0F68JVYBT;205 50 R17 93V XL ATLAS POLARBEAR UHP
5420068655588;ATLAS WI;POLARBEAR HP;205/60 R16 92H;Winter;59.30;B0CJHYRDB2;ATLAS 205 60 R16 92 H Pneumatico Winterreifen PKW
5420068687152;SUPERIA ZO;ECOBLUE UHP;225/40 R18 92Y;Summer;59.30;B097B5SC6N;SUPERIA ECOBLUE UHP XL 225/40R18 92Y TL
6938112651022;WESTLAKE WI;Z-507;205/50 R16 91V;Winter;59.30;B0HC7SSG7B;205 50 R16 91V XL WESTLAKE Z-507
5420068646203;FORTUNA FS ALL;ECOPLUS 4S;205/50 R16 91W;All Season;58.75;B089RNXHX9;Gomme Fortuna Ecoplus 4s 205 50 R16 91W TL 4 stagioni per Auto
5420068654000;ATLAS FS ALL;GREEN 4S;215/45 R16 90V;All Season;58.75;B076731Q29;Pneumatici ATLAS FS GREEN 4S 215 45 VR 16 90 V XL Pneumatico 4 stagioni per auto nuovi dot originali
5420068681709;SUPERIA ZO;ECOBLUE UHP;225/45 R17 94W;Summer;58.75;B0132WRTQA;Superia Ecoblue UHP XL - 225/45R17 94W - Pneumatico Estivo
8859903104405;WESTLAKE ALL;Z-401 4S;205/45 R16 87W;All Season;58.48;B0HC475SZB;205 45 R16 87W XL WESTLAKE Z-401 4S
5420068674657;SUPERIA ZO;ECOBLUE VAN2;175/0 R14 99/98R;Summer;58.20;B0DQVKSFBT;Pneumatico SUPERIA E-VAN2 175 R14 99/98R
5420068675746;FORTUNA ZO;EURO VAN;175/0 R14 99/98R;Summer;58.20;B0FTQPB3FZ;FORTUNA Pneumatici estivi 175 R 14 C TL 99/98R EURO VAN 8PR BSW
6932621607419;WESTLAKE ZO;Z-107;205/60 R16 96H;Summer;58.20;B0HC77JT7P;205 60 R16 96H XL WESTLAKE Z-107
8848183006967;FIREMAX ZO;FM601;225/40 R18 92W;Summer;58.20;B0HC4K8C34;225 40 R18 92W XL FIREMAX FM601
6971901474099;FIREMAX ZO;FM601;225/40 R18 92W;Summer;58.20;B07RQDWLX8;GOMME PNEUMATICI FM601 XL
6938112614140;WESTLAKE WI;Z-507;205/55 R16 91V;Winter;57.93;B07ZBHK9JW;GOMME PNEUMATICI Z-507
5420068618866;SUPERIA WI;BLUEWIN UHP2;215/45 R16 90V;Winter;57.65;B0DK9F8BFW;Gomme invernali 215 45 R16 90V XL SUPERIA BLUEWIN UHP2
5420068619863;SUPERIA FS ALL;ECOBLUE2 4S;205/65 R15 94V;All Season;57.65;B0DQ23L1BD;Gomme 4 stagioni 205 65 R15 94V SUPERIA ECOBLUE2 4S
5420068622948;IMPERIAL WI;IR1winter;165/0 R13 94/93Q;Winter;57.65;B01BNLVPAS;Imperial IR1 - 165/65R13 94Q - Pneumatico Invernale
5420068646005;FORTUNA ZO;ECOPLUS UHP;215/45 R16 90V;Summer;57.65;B08FDZPDD1;Fortuna Pneumatici FO788
8848183007025;FIREMAX ZO;FM601;225/50 R16 96W;Summer;57.65;B0HC4TPQYF;225 50 R16 96W XL FIREMAX FM601
5420068674190;SUPERIA ZO;ECOBLUE HP;205/55 R15 88V;Summer;57.10;B0DZN82TJV;Gomme estive 205 55 R15 88V SUPERIA ECOBLUE HP
5420068689989;SUPERIA ZO;ECOBLUE HP;205/70 R15 96H;Summer;57.10;B0DYNPSSY3;Gomme estive 205 70 R15 96H SUPERIA ECOBLUE HP
6938112651015;WESTLAKE WI;Z-507;205/45 R16 87V;Winter;57.10;B0HC7KTWCG;205 45 R16 87V XL WESTLAKE Z-507
8859903102982;WESTLAKE ZO;Z-107;195/55 R16 87V;Summer;57.10;B0HC5DN3RR;195 55 R16 87 V WESTLAKE Z-107
8859903104436;WESTLAKE ALL;Z-401 4S;205/55 R16 91V;All Season;57.10;B0HC3Q8TCK;205 55 R16 91 V WESTLAKE Z-401
5420068658725;ATLAS ZO;GREEN HP;195/55 R16 91V;Summer;57.10;B0F67QX9CJ;195 55 R16 91V XL ATLAS GREEN HP
8848183006899;FIREMAX ZO;FM601;215/60 R16 95V;Summer;57.10;B0HC892KPW;215 60 R16 95V FIREMAX FM601
5420068678037;ATLAS FS ALL;GREEN VAN 4S;175/70 R14 95/93T;All Season;56.55;B0F68QDW3H;175 70 R14 95/93T 6PR ATLAS GREEN VAN 4S
5420068678792;FORTUNA FS ALL;ECOPLUS2 4S;195/55 R16 87V;All Season;56.55;B0DG4Y4DNB;FORTUNA 195/55 R16 87V 4 Stagioni Auto
6938112608057;WESTLAKE WI;SW612;175/70 R14 95Q;Winter;56.55;B07Q4F2RRY;GOMME PNEUMATICI SW612
8848183006837;FIREMAX ZO;FM601;215/45 R17 91W;Summer;56.55;B0HC6XBQ8L;215 45 R17 91W XL FIREMAX FM601
5420068627486;IMPERIAL FS ALL;ECODRIVER 4S;165/60 R15 81T;All Season;56.00;B0C815L292;IMPERIAL Pneumatici 165 60 R15 81 T XL Ganzjahresreifen PKW
5420068676187;SUPERIA FS ALL;ECOBLUE 4S;175/80 R14 88T;All Season;56.00;B0D69ZKKV8;SUPERIA 175/80 R14 88T 4 Stagioni Auto
5420068685752;SUPERIA WI;SNOW HP;195/50 R16 88H;Winter;56.00;B0822Y26M5;Pneumatici SNOW HP XL
6932621607372;WESTLAKE ZO;Z-107;195/50 R16 88V;Summer;56.00;B0HC4XW1B6;195 50 R16 88V XL WESTLAKE Z-107
8848183006745;FIREMAX ZO;FM601;205/60 R16 92V;Summer;56.00;B0HC4D71RR;205 60 R16 92V FIREMAX FM601
8859903103330;WESTLAKE ZO;Z-107;215/45 R16 90W;Summer;56.00;B0HC7STQDY;215 45 R16 90W XL WESTLAKE Z-107
8859903104382;WESTLAKE ALL;Z-401 4S;195/65 R15 91V;All Season;56.00;B0HC6DB8BC;195 65 R15 91V WESTLAKE Z-401 4S
8859903104399;WESTLAKE ALL;Z-401 4S;195/65 R15 95H;All Season;56.00;B0HC7MW2WX;195 65 R15 95H XL WESTLAKE Z-401 4S
5420068658701;ATLAS ZO;GREEN HP;195/55 R16 87H;Summer;55.45;B0F68Q4NG5;195 55 R16 87H ATLAS GREEN HP
5420068676743;SUPERIA FS ALL;ECOBLUE2 4S;185/50 R16 81V;All Season;55.45;B0DQVMVD53;Gomme 4 stagioni 185 50 R16 81V SUPERIA ECOBLUE2 4S
8848183006813;FIREMAX ZO;FM601;215/40 R17 87W;Summer;55.45;B0HC4F2MS5;215 40 R17 87W XL FIREMAX FM601
5420068619849;SUPERIA FS ALL;ECOBLUE2 4S;195/65 R15 91H;All Season;54.90;B0DKC93QXZ;Gomme 4 stagioni 195 65 R15 91H SUPERIA ECOBLUE2 4S
5420068655496;ATLAS WI;POLARBEAR HP;185/65 R15 92T;Winter;54.90;B0CKH5D44N;Atlas Pneumatici AX217 8.06kg
8859903104344;WESTLAKE ALL;Z-401 4S;195/50 R15 82V;All Season;54.90;B0HC4BHV5N;195 50 R15 82V WESTLAKE Z-401 4S
8859903104276;WESTLAKE ALL;Z-401 4S;185/55 R15 82H;All Season;54.90;B0HC56S9VW;185 55 R15 82H WESTLAKE Z-401 4S
5420068619979;SUPERIA FS ALL;ECOBLUE2 4S;195/50 R15 82V;All Season;54.35;B0DXPJ92NP;Gomme 4 stagioni 195 50 R15 82V SUPERIA ECOBLUE2 4S
6932621607389;WESTLAKE ZO;Z-107;195/65 R15 95H;Summer;54.35;B0HC4XNWFV;195 65 R15 95H XL WESTLAKE Z-107
6938112651008;WESTLAKE WI;Z-507;185/55 R16 83H;Winter;54.35;B0HC466RZ5;185 55 R16 83H WESTLAKE Z-507
8848183006417;FIREMAX ZO;FM601;185/55 R16 87V;Summer;54.35;B0HC4YZ9YR;185 55 R16 87 V XL FIREMAX FM601
8848183006585;FIREMAX ZO;FM601;195/60 R16 89H;Summer;54.35;B0HC7SG5QK;195 60 R16 89H FIREMAX FM601
8848183006752;FIREMAX ZO;FM601;205/65 R15 94V;Summer;54.35;B0HC6S6C19;205 65 R15 94V FIREMAX FM601
8859903103002;WESTLAKE ZO;Z-107;195/60 R15 88H;Summer;54.35;B0HC57ZV7S;195 60 R15 88H WESTLAKE Z-107
8859903103170;WESTLAKE ZO;Z-107;205/55 R16 91H;Summer;54.35;B0HC7JVHQY;205 55 R16 91H WESTLAKE Z-107
8859903104337;WESTLAKE ALL;Z-401 4S;195/45 R16 84V;All Season;54.35;B0HC5FCJR1;195 45 R16 84 V XL WESTLAKE Z-401 4S
5420068619825;SUPERIA FS ALL;ECOBLUE2 4S;185/65 R15 88H;All Season;53.75;B0DMTWC7BH;SUPERIA 185/65 R15 88H 4 Stagioni Auto
5420068637225;SUPERIA FS ALL;ECOBLUE2 4S;175/55 R15 77T;All Season;53.75;B0F3TBYSMD;Gomme 4 stagioni 175 55 R15 77T SUPERIA ECOBLUE2 4S
8848183006639;FIREMAX ZO;FM601;205/40 R17 84W;Summer;53.75;B0HC4D5LXB;205 40 R17 84W XL FIREMAX FM601
5420068619740;SUPERIA FS ALL;ECOBLUE2 4S;185/70 R14 88T;All Season;53.25;B0DKTX1HQ1;Gomme 4 stagioni 185 70 R14 88T M+S SUPERIA ECOBLUE 4S
5420068658510;ATLAS ZO;GREEN HP;185/65 R15 92T;Summer;53.25;B0F695L8BM;185 65 R15 92T XL ATLAS GREEN HP
8848183006530;FIREMAX ZO;FM601;195/50 R16 84V;Summer;53.25;B0HC7N6QHT;195 50 R16 84V FIREMAX FM601
8848183006646;FIREMAX ZO;FM601;205/45 R16 87W;Summer;53.25;B0HC4VD86D;205 45 R16 87W XL FIREMAX FM601
8859903102869;WESTLAKE ZO;Z-107;185/65 R15 88T;Summer;53.25;B0HC439DK5;185 65 R15 88T WESTLAKE Z-107
8859903102951;WESTLAKE ZO;Z-107;195/55 R15 85H;Summer;53.25;B0HC779GKM;195 55 R15 85H WESTLAKE Z-107
8859903104238;WESTLAKE ALL;Z-401 4S;175/65 R15 84H;All Season;53.25;B0HC7TFLZL;175 65 R15 84H WESTLAKE Z-401
5420068675135;FORTUNA ZO;ECOPLUS HP;195/65 R15 91V;Summer;52.70;B0F68TG69P;Pneumatici FORTUNA ECOPLUS HP 195/65 R15 91V - Estate 5420068675135
8848183006493;FIREMAX ZO;FM601;195/45 R16 84V;Summer;52.70;B0HC4WSP9L;195 45 R16 84 V XL FIREMAX FM601
8848183006523;FIREMAX ZO;FM601;195/55 R15 85V;Summer;52.70;B0HC4NDTRQ;195 55 R15 85 V FIREMAX FM601
8848183006615;FIREMAX ZO;FM601;195/65 R15 95T;Summer;52.70;B0HC6GLYMM;195 65 R15 95T XL FIREMAX FM601
5420068659821;ATLAS FS ALL;GREEN 4S;185/60 R14 82H;All Season;52.15;B0F67QX9CK;185 60 R14 82H ATLAS GREEN 4S
5420068683970;SUPERIA WI;BLUEWIN HP;175/70 R14 88T;Winter;52.15;B074W3MHGK;GOMME PNEUMATICI BLUEWIN HP XL
8859903104184;WESTLAKE ALL;Z-401 4S;165/65 R15 81T;All Season;52.15;B0HC4MN5WZ;165 65 R15 81T WESTLAKE Z-401 4S
5420068619733;SUPERIA FS ALL;ECOBLUE2 4S;185/70 R13 86T;All Season;51.60;B0DJCFYV97;Gomme 4 stagioni 185 70 R13 86T SUPERIA ECOBLUE2 4S
5420068627950;IMPERIAL FS ALL;AS DRIVER;155/65 R14 75T;All Season;51.60;B07L7BHLCQ;Pneumatici IMPERIAL FS AS DRIVER 155 65 TR 14 75 T 4 stagioni gomme nuove
5420068675739;FORTUNA ZO;EURO VAN;155/0 R13 90/88S;Summer;51.60;B0D549KXB2;Pneumatico FORTUNA EU-VAN 155 R13 90/88 S
8848183006592;FIREMAX ZO;FM601;195/65 R15 91V;Summer;51.60;B0HC4L13SV;195 65 R15 91V FIREMAX FM601
8859903102876;WESTLAKE ZO;Z-107;185/70 R13 86T;Summer;51.60;B0HC5GD2TD;185 70 R13 86T WESTLAKE Z-107
5420068674640;SUPERIA ZO;ECOBLUE VAN2;155/0 R13 90/88S;Summer;51.05;B0D5459K4H;SUPERIA Sommerreifen 155 R 13 C TL 90/88S ECOBLUE VAN2 8PR BSW
6927116111717;WESTLAKE WI;SW608;155/65 R14 75T;Winter;51.05;B072XCVXRP;Westlake Pneumatici invernali SW608-155/65R14 75T
8859903102722;WESTLAKE ZO;Z-107;175/65 R14 82T;Summer;51.05;B0HC42DDJD;175 65 R14 82T WESTLAKE Z-107
8859903104245;WESTLAKE ALL;Z-401 4S;175/70 R14 88T;All Season;51.05;B0HC59CPL1;175 70 R14 88T XL WESTLAKE Z-401 4S
8859903104313;WESTLAKE ALL;Z-401 4S;185/65 R14 86H;All Season;51.05;B0HC3VSGG3;185 65 R14 86H WESTLAKE Z-401 4S
5420068636297;VICTORY ZO;ROAD HP;185/70 R13 86T;Summer;50.50;B0F4TBZWMZ;Gomme estive 185 70 R13 86T VICTORY ROAD HP
5420068645251;FORTUNA WI;GOWIN HP;175/65 R14 82T;Winter;50.50;B074TXK8KB;Gomme Fortuna Gowin hp 175 65 R14 82T TL Invernali per Auto
5420068648337;FORTUNA ZO;ECOPLUS HP;175/65 R15 84T;Summer;50.50;B092LY2D4N;Gomme Fortuna Ecoplus hp 175 65 R15 84T TL Estivi per Auto
5420068676569;SUPERIA FS ALL;ECOBLUE 4S;185/55 R14 80H;All Season;50.50;B0DJCHHB12;Gomme 4 stagioni 185 55 R14 80H SUPERIA ECOBLUE 4S
8848183006233;FIREMAX ZO;FM601;165/60 R15 81H;Summer;50.50;B0HC4V2N6V;165 60 R15 81H XL FIREMAX FM601
8848183006356;FIREMAX ZO;FM601;175/65 R15 84H;Summer;50.50;B0HC4VF1H4;175 65 R15 84H FIREMAX FM601
8859903104177;WESTLAKE ALL;Z-401 4S;165/65 R14 79T;All Season;50.50;B0HC5D1PZP;165 65 R14 79T WESTLAKE Z-401 4S
5420068637218;SUPERIA FS ALL;ECOBLUE2 4S;155/60 R15 74T;All Season;49.95;B0F439XG69;Gomme 4 stagioni 155 60 R15 74T SUPERIA ECOBLUE2 4S
5420068679768;ATLAS FS ALL;GREEN3 4S;175/65 R14 82T;All Season;49.95;B0F694YD48;175 65 R14 82T ATLAS GREEN3 4S
5420068637522;SUPERIA ZO;ECOBLUE HP;135/80 R13 70T;Summer;49.40;B0F439YNT5;135 80 R13 70T SUPERIA ECOBLUE HP
5420068619719;SUPERIA FS ALL;ECOBLUE2 4S;165/70 R13 83T;All Season;48.85;B0DXKMNRNW;Gomme 4 stagioni 165 70 R13 83T XL SUPERIA ECOBLUE2 4S
5420068619726;SUPERIA FS ALL;ECOBLUE2 4S;175/70 R13 82T;All Season;48.85;B0DR36QPMR;Gomme 4 stagioni 175 70 R13 82T SUPERIA ECOBLUE2 4S
5420068664320;TRISTAR ZO;ECOPOWER3;135/70 R15 70T;Summer;48.85;B07J1Y4M5D;Pneumatici TRISTAR ECOPOWER 3 135 70 15 70 T Estive gomme nuove
8859903102654;WESTLAKE ZO;Z-107;165/70 R13 79T;Summer;48.85;B0HC4XDBJB;165 70 R13 79T WESTLAKE Z-107
8859903104153;WESTLAKE ALL;Z-401 4S;155/80 R13 79T;All Season;48.85;B0HC4MYWWK;155 80 R13 79T WESTLAKE Z-401 4S
5420068623990;IMPERIAL WI;SNOWDRAGON HP;145/70 R12 69T;Winter;48.30;B01MG68WKC;IMPERIAL 145/70 R12 69T Invernale Auto
5420068645176;FORTUNA WI;GOWIN HP;155/80 R13 79T;Winter;48.30;B074TYS9ZY;Gomme Fortuna Gowin hp 155 80 R13 79T TL Invernali per Auto
5420068647651;FORTUNA ZO;ECOPLUS HP;175/65 R14 82H;Summer;48.30;B08KQB9FW1;Gomme Fortuna Ecoplus hp 175 65 R14 82H TL Estivi per Auto
6938112637163;WESTLAKE ALL;Z-401 4S;175/65 R13 80T;All Season;48.30;B0C815138D;175 65 R13 80T WESTLAKE Z-401 4S
8848183006240;FIREMAX ZO;FM601;165/65 R14 79T;Summer;48.30;B0HC4KT1GH;165 65 R14 79T FIREMAX FM601
8848183006370;FIREMAX ZO;FM601;175/70 R14 84H;Summer;48.30;B0HC7SQPRK;175 70 R14 84H FIREMAX FM601
8848183006219;FIREMAX ZO;FM601;155/80 R13 79T;Summer;48.30;B0HC7PWV69;155 80 R13 79T FIREMAX FM601
5420068619702;SUPERIA FS ALL;ECOBLUE2 4S;165/70 R13 79T;All Season;47.75;B0DP7VXF4F;Gomme 4 stagioni 165 70 R13 79T SUPERIA ECOBLUE2 4S
5420068666096;TRISTAR ZO;ECOPOWER3;145/70 R13 71T;Summer;47.75;B07CMNH7N2;Pneumatici TRISTAR ZO ECOPOWER3 145 70 TR 13 71 T Pneumatico estivo per auto nuovi dot originali
8859903102593;WESTLAKE ZO;Z-107;155/65 R14 75T;Summer;47.75;B0HC4TRK8M;155 65 R14 75T WESTLAKE Z-107
8859903104160;WESTLAKE ALL;Z-401 4S;165/60 R14 79H;All Season;47.75;B0HC84XDYH;165 60 R14 79H WESTLAKE Z-401 4S
8859903102623;WESTLAKE ZO;Z-107;165/60 R14 75H;Summer;47.20;B0HC56D243;165 60 R14 75H WESTLAKE Z-107
8859903104122;WESTLAKE ALL;Z-401 4S;155/65 R13 73T;All Season;47.20;B0HC4NWY6C;155 65 R13 73T WESTLAKE Z-401 4S
8859903104146;WESTLAKE ALL;Z-401 4S;155/70 R13 75T;All Season;47.20;B0HC53XSD6;155 70 R13 75T WESTLAKE Z-401 4S
8848183006271;FIREMAX ZO;FM601;165/70 R14 81T;Summer;47.20;B0HC4CPMPQ;165 70 R14 81T FIREMAX FM601
8848183006363;FIREMAX ZO;FM601;175/70 R13 82T;Summer;46.65;B0HC59N46L;175 70 R13 82T FIREMAX FM601
6975313253211;KINGBOSS ZO;G521;175/60 R14 79H;Summer;46.10;B0F5H9RJDT;Gomme estive 175 60 R14 79H KINGBOSS G521
8848183005519;FIREMAX ZO;FM601;155/70 R13 75T;Summer;46.10;B0HC6KFSFM;155 70 R13 75T FIREMAX FM601
