ean,motivo
4019238772036,misura o marca diversa sulla pagina
3286342277219,misura o marca diversa sulla pagina
8019227278248,titolo Amazon senza misura leggibile
8019227261752,EAN non nel listino Deldo
3286342277110,misura o marca diversa sulla pagina
3286342057613,misura o marca diversa sulla pagina
4019238084085,misura o marca diversa sulla pagina
4019238563627,candidati con portata diversa
3528707112477,candidati con portata diversa
5452000488077,EAN non nel listino Deldo
4038526069320,misura o marca diversa sulla pagina
4019238287530,titolo Amazon senza misura leggibile
8019227250206,candidati con portata diversa
3528703004813,candidati con portata diversa
3286342604619,misura o marca diversa sulla pagina
8019227218145,candidati con portata diversa
4019238097795,misura o marca diversa sulla pagina
3528705368517,candidati con portata diversa
3286340729819,candidati con portata diversa
8019227220490,candidati con portata diversa
3286341116311,titolo Amazon senza misura leggibile
4038526069078,misura o marca diversa sulla pagina
8019227224559,candidati con portata diversa
3286340810616,titolo Amazon senza misura leggibile
3286342604015,titolo Amazon senza misura leggibile
4038526342256,titolo Amazon senza misura leggibile
8019227263237,candidati con portata diversa
3286342603513,misura o marca diversa sulla pagina
4019238097658,EAN non nel listino Deldo
3286342238616,misura o marca diversa sulla pagina
4038526069047,misura o marca diversa sulla pagina
3528702621004,candidati con portata diversa
3528705466213,candidati con portata diversa
4019238084528,misura o marca diversa sulla pagina
4038526068798,titolo Amazon senza misura leggibile
4019238559149,titolo Amazon senza misura leggibile
3528701662602,candidati con portata diversa
4038526069023,misura o marca diversa sulla pagina
3528701334042,candidati con portata diversa
3286342238012,misura o marca diversa sulla pagina
5452000543394,candidati con portata diversa
8808563359519,candidati con portata diversa
4019238079272,misura o marca diversa sulla pagina
5452000438744,candidati con portata diversa
4038526068200,misura o marca diversa sulla pagina
4038526068729,misura o marca diversa sulla pagina
8019227242331,candidati con portata diversa
4038526068248,misura o marca diversa sulla pagina
4038526068712,misura o marca diversa sulla pagina
4038526068743,misura o marca diversa sulla pagina
3286340785310,EAN non nel listino Deldo
4019238633542,titolo Amazon senza misura leggibile
4038526067920,misura o marca diversa sulla pagina
8808563297453,titolo Amazon senza misura leggibile
3286340830119,titolo Amazon senza misura leggibile
4038526067906,misura o marca diversa sulla pagina
3286342052816,misura o marca diversa sulla pagina
8808563375274,titolo Amazon senza misura leggibile
3286342130217,misura o marca diversa sulla pagina
4038526068231,misura o marca diversa sulla pagina
4038526338211,titolo Amazon senza misura leggibile
8808563451862,nessun ASIN restituito da Amazon
3528708149564,candidati con portata diversa
6419440567853,misura o marca diversa sulla pagina
5452000703712,titolo Amazon senza misura leggibile
4038526068286,misura o marca diversa sulla pagina
3528708717329,candidati con portata diversa
3528700148787,candidati con portata diversa
8808563266503,titolo Amazon senza misura leggibile
4019238066968,titolo Amazon senza misura leggibile
4038526360328,misura o marca diversa sulla pagina
8808563451800,nessun ASIN restituito da Amazon
8808563590417,misura o marca diversa sulla pagina
4038526068149,misura o marca diversa sulla pagina
4038526360342,misura o marca diversa sulla pagina
8714692338359,candidati con portata diversa
8808563466606,titolo Amazon senza misura leggibile
8808563377940,titolo Amazon senza misura leggibile
8808563433493,titolo Amazon senza misura leggibile
8808563411330,titolo Amazon senza misura leggibile
5420068625307,candidati con portata diversa
5420068664894,EAN non nel listino Deldo
5420068665822,titolo Amazon senza misura leggibile
5420068626489,titolo Amazon senza misura leggibile
5420068625383,candidati con portata diversa
5420068664238,indice di carico diverso
5420068625857,titolo Amazon senza misura leggibile
