ean,asin,marca,misura,titolo_amazon
"4019238563627","B00AZTWQTO","CONTINENTAL","265/40/21","Continental SportContact 5 P SUV FR - 265/40R21 101Y - Pneumatico Estivo"
"4019238563627","B06X6K6VCX","CONTINENTAL","265/40/21","Pneumatici Continental E. CNT 265/40 -21 N0 FR Y101 spcont5p"
"3528707112477","B00HSM203I","MICHELIN","255/45/19","Michelin SUPER SPORT N0 255/45/R19 100 Y - Pneumatico Estivo - A/E/71"
"3528707112477","B06XW12C1T","MICHELIN","255/45/19","Pneumatici Michelin E. Mic 255/45-19N0Y 100PSS"
"8019227250206","B06XZH34Z9","PIRELLI","265/45/18","Pneumatici Pirelli E. PIR 265/45-18N1Y 101PZERO"
"8019227250206","B01ABRM266","PIRELLI","265/45/18","Pirelli P Zero - 265/45/R18 101Y - C/A/72 - Pneumatico Estivos"
"3528703004813","B00KPWOJRI","MICHELIN","255/45/19","Michelin ALPIN PA4 MO XL 255/45/R19 104 V - Pneumatico Estivo - C/C/71"
"3528703004813","B0755XYRPT","MICHELIN","255/45/19","PNEUMATICO INVERNALE MICHELIN - 255/45 R19 PIL ALPIN PA4 104VMO MI CC271"
"8019227218145","B06XBH84YP","PIRELLI","255/40/21","Pneumatici Pirelli E. PIR 255/40 -21 TL XL Y102 pzeroro1"
"8019227218145","B06XY2XL5P","PIRELLI","255/40/21","GOMME PNEUMATICI PZERO (R01) XL 255/40 R21 102Y PIRELLI"
"8019227218145","B00ARV37DE","PIRELLI","255/40/21","Pirelli P Zero XL - 255/40R21 102Y - Pneumatico Estivo"
"3528705368517","B06XKTT87D","MICHELIN","275/45/19","Pneumatici Michelin E. Mic 275/45-19N0XL V108ltour HP"
"3528705368517","B003HF5HFI","MICHELIN","275/45/19","Michelin LAT.HP NO XL 275/45/R19 108 V - Pneumatico All Season - C/C/71"
"3286340729819","B016D7XMAS","BRIDGESTONE","285/45/20","Bridgestone DUELER H/P SPORT - 285/45 R20 112Y XL AO - C/C/73 - pneumatico estivo (per SUV)"
"3286340729819","B06XFF46FJ","BRIDGESTONE","285/45/20","PNEUMATICI Bridgestone E.BRG 285/45-20 AO XL Y112 D-SPORT"
"3286340729819","B07D78MG7N","BRIDGESTONE","285/45/20","BRIDGESTONE 285/45 R20 112Y Estivo XL Fuoristrada"
"8019227220490","B06XVRH421","PIRELLI","255/50/19","Pneumatici Pirelli E. PIR 255/50-19N0V103sc-veas"
"8019227220490","B00XN1LGJ2","PIRELLI","255/50/19","Pirelli Scorpion Verde All-Season - 255/50/R19 103V - B/C/71 - Pneumatici tutte stagioni"
"8019227224559","B01NA02446","PIRELLI","255/45/18","Pneumatici Pirelli E. PIR 255/45-18Ru * W 99cintp7"
"8019227224559","B00ARV3158","PIRELLI","255/45/18","Pirelli Cinturato P7 runflat - 255/45/R18 99W - C/B/71 - Pneumatico Estivos"
"8019227263237","B071JC6YJM","PIRELLI","235/45/20","Pneumatici Pirelli E. PIR 235/45-20se XL V100sc-verde"
"8019227263237","B01BTS9Q2E","PIRELLI","235/45/20","Pirelli Scorpion Verde - 235/45/R20 100V - B/B/70 - Pneumatico Estivos"
"3528702621004","B06XW38W5N","MICHELIN","245/40/18","Pneumatici Michelin E. Mic 245/40-18ZP MB Y 97primac.3"
"3528702621004","B07174VNS3","MICHELIN","245/40/18","PNEUMATICI ESTIVI MICHELIN PRIMACY 3 245/40 R18 97Y RUNFLAT"
"3528702621004","B00J0BFIXE","MICHELIN","245/40/18","Michelin PRIMACY 3 ZP MOE 245/40/R18 97 Y - Pneumatico Estivo - A/C/71"
"3528705466213","B06XXZG69G","MICHELIN","235/40/18","PNEUMATICO ESTIVO MICHELIN - 235/40 ZR18 TL 95Y MI SPORT PS2 N4 XL"
"3528705466213","B016KC2Q1C","MICHELIN","235/40/18","Michelin PS2 N4 XL 235/40/R18 95 Y - Pneumatico Estivo - B/E/69"
"3528705466213","B06XF8GN8M","MICHELIN","235/40/18","Pneumatici Michelin E. Mic 235/40-18N4XL Y 95PS2"
"3528701662602","B01067PWSG","MICHELIN","235/65/17","Michelin LATITUDE SPORT 3 AO 235/65/R17 104 W - Pneumatico All Season - A/C/70"
"3528701662602","B06XY33GVB","MICHELIN","235/65/17","Pneumatico Estate Michelin LATITUDE SPORT 3 235/65R17 104W"
"3528701662602","B076YZ5VN5","MICHELIN","235/65/17","Pneumatici Estivi Michelin Lat Sport 235/65 R17 104W"
"3528701662602","B06WD7F573","MICHELIN","235/65/17","Pneumatici Michelin E. Mic 235/65 -17 Ao W104 Lat.S3"
"3528701334042","B06XXV63MG","MICHELIN","205/45/17","PNEUMATICO ESTIVO MICHELIN - 205/45 WR17 TL 88W MI PRIMACY 3 ZP XL"
"3528701334042","B01MUR2C81","MICHELIN","205/45/17","Pneumatici Michelin E. Mic 205/45-17ZP XL W 88primac.3"
"3528701334042","B00HSM2UP6","MICHELIN","205/45/17","Michelin PRIMACY 3 ZP XL 205/45/R17 88 W - Pneumatico Estivo - A/C/69"
"5452000543394","B071H8RNB8","GOODYEAR","225/45/18","Pneumatici Goodyear e.g.y 225/45-18VW XL W 95egperfor"
"5452000543394","B00U84BY2Q","GOODYEAR","225/45/18","Goodyear EfficientGrip Performance XL - 225/45/R18 95W - B/A/69 - Pneumatico Estivos"
"8808563359519","B072QYYQW2","HANKOOK","235/50/19","Pneumatici HANKOOK E. Han 235/50 -19 TL V99 K117 a"
"8808563359519","B06XW3K5WH","HANKOOK","235/50/19","Hankook Ventus S1 evo2 K117A SUV - 235/50R19 99V - Pneumatico Estivo"
"8808563359519","B07G26QTNW","HANKOOK","235/50/19","Pneumatici estivi HANKOOK 235/50 R19 99 V K117A"
"5452000438744","B00HSGIRK4","GOODYEAR","225/55/17","Goodyear EFFI. GRIP PERF XL 225/55/R17 101 V - Pneumatico Estivo - C/B/68"
"5452000438744","B01MYGJDZR","GOODYEAR","225/55/17","Pneumatici Goodyear e.g.y 225/55-17XL V 101egperfor"
"8019227242331","B06Y4RGJMB","PIRELLI","235/60/18","Pneumatici Pirelli E. PIR 235/60-18LR XL V107sc-veas"
"8019227242331","B00V8KUNVW","PIRELLI","235/60/18","Pirelli Scorpion Verde All-Season - 235/60/R18 107V - C/C/71 - Pneumatici tutte stagioni"
"3528708149564","B01N5QX2IK","MICHELIN","185/55/15","Michelin CROSSCLIMATE + XL 185/55/R 15 86 H - Pneumatico Estivo - B/C/75"
"3528708149564","B06XZKCKYK","MICHELIN","185/55/15","Pneumatici Michelin E. Mic 185/55-15TL XL H 86cclimat +"
"3528708149564","B07BGDLDVX","MICHELIN","185/55/15","Pneumatici 4 stagioni Michelin Cr.Climate 185/55 R15 86H"
"3528708149564","B071J2C2QR","MICHELIN","185/55/15","PNEUMATICO ESTIVO MICHELIN - 185/55 HR15 TL 86H MI CROSSCLIMATE+ XL"
"3528708717329","B06X6KJGHB","MICHELIN","205/55/16","Pneumatici Michelin E. Mic 205/55-16ZP W 91primac.3"
"3528708717329","B06XXYT114","MICHELIN","205/55/16","PNEUMATICO ESTIVO MICHELIN - 205/55 WR16 TL 91W MI PRIMACY 3 ZP GRNX"
"3528708717329","B00SRH4HIO","MICHELIN","205/55/16","Michelin PRIMACY 3 ZP 205/55/R16 91 W - Pneumatico Estivo - A/E/71"
"3528700148787","B08P34K772","MICHELIN","165/65/15","Pneumatico Estate Michelin PRIMACY 4 165/65R15 81T"
"3528700148787","B08P352ZFC","MICHELIN","165/65/15","MICHELIN PRIMACY 165/65 R15 0T Pneumatico Estivo Auto"
"8714692338359","B07Q6JYG7V","VREDESTEIN","185/65/15","185/65 R15 88 V VREDESTEIN QUATRAC 5 4 STAGIONI"
"8714692338359","B079JW4TTB","VREDESTEIN","185/65/15","Vredestein Quatrac 5 VW 185/65 R15 65 15"" 185mm Per tutte le stagioni"
"5420068625307","B01N16DUAZ","IMPERIAL","205/60/16","Imperial EcoDriver5 - 205/60R16 92V - Pneumatico Estivo"
"5420068625307","B07G23DS7K","IMPERIAL","205/60/16","Pneumatici ECODRIVER 5 - IMPERIAL - 205/60/16 estive gomme nuove"
"5420068625383","B07G216X6S","IMPERIAL","195/55/15","Pneumatici ECODRIVER 5 - IMPERIAL - 195/55/15 estive gomme nuove"
"5420068625383","B01MYDMWO3","IMPERIAL","195/55/15","Imperial EcoDriver5 - 195/55R15 85H - Pneumatico Estivo"
