ean,prezzo_inviato,quantita_inviata,codici,link_sku_central
3286340273619,205.20,46,8684,https://sellercentral.amazon.it/skucentral?mSku=3286340273619&condition=New
3286340509312,92.85,100,8684,https://sellercentral.amazon.it/skucentral?mSku=3286340509312&condition=New
3286340619912,148.55,49,8684,https://sellercentral.amazon.it/skucentral?mSku=3286340619912&condition=New
3286340657310,118.70,18,8684,https://sellercentral.amazon.it/skucentral?mSku=3286340657310&condition=New
3286340706919,159.00,6,8684,https://sellercentral.amazon.it/skucentral?mSku=3286340706919&condition=New
3286340729017,133.00,23,8684,https://sellercentral.amazon.it/skucentral?mSku=3286340729017&condition=New
3286340729512,153.50,54,19098,https://sellercentral.amazon.it/skucentral?mSku=3286340729512&condition=New
3286340729819,214.00,19,8684,https://sellercentral.amazon.it/skucentral?mSku=3286340729819&condition=New
3286340740418,119.75,23,8684,https://sellercentral.amazon.it/skucentral?mSku=3286340740418&condition=New
3286340754217,111.77,100,8684,https://sellercentral.amazon.it/skucentral?mSku=3286340754217&condition=New
3286340775618,123.10,11,8684,https://sellercentral.amazon.it/skucentral?mSku=3286340775618&condition=New
3286340783316,161.20,72,8684,https://sellercentral.amazon.it/skucentral?mSku=3286340783316&condition=New
3286340785310,120.90,65,8684,https://sellercentral.amazon.it/skucentral?mSku=3286340785310&condition=New
3286340810616,190.90,51,8684,https://sellercentral.amazon.it/skucentral?mSku=3286340810616&condition=New
3286340811019,161.75,22,8684,https://sellercentral.amazon.it/skucentral?mSku=3286340811019&condition=New
3286340811514,163.40,60,8684,https://sellercentral.amazon.it/skucentral?mSku=3286340811514&condition=New
3286340830119,114.85,68,8684,https://sellercentral.amazon.it/skucentral?mSku=3286340830119&condition=New
3286340936613,152.40,33,8684,https://sellercentral.amazon.it/skucentral?mSku=3286340936613&condition=New
3286340982115,136.30,7,8684,https://sellercentral.amazon.it/skucentral?mSku=3286340982115&condition=New
3286340991414,150.75,50,8684,https://sellercentral.amazon.it/skucentral?mSku=3286340991414&condition=New
3286341009514,150.20,34,8684,https://sellercentral.amazon.it/skucentral?mSku=3286341009514&condition=New
3286341116311,206.85,22,8684,https://sellercentral.amazon.it/skucentral?mSku=3286341116311&condition=New
3286341320510,124.15,64,8684,https://sellercentral.amazon.it/skucentral?mSku=3286341320510&condition=New
3286341406719,117.60,70,8684,https://sellercentral.amazon.it/skucentral?mSku=3286341406719&condition=New
3286341876314,168.90,22,100898,https://sellercentral.amazon.it/skucentral?mSku=3286341876314&condition=New
3286341881516,113.20,64,8684,https://sellercentral.amazon.it/skucentral?mSku=3286341881516&condition=New
3286341954616,112.10,74,8684,https://sellercentral.amazon.it/skucentral?mSku=3286341954616&condition=New
3286342052816,113.20,22,8684,https://sellercentral.amazon.it/skucentral?mSku=3286342052816&condition=New
3286342054919,117.60,20,8684,https://sellercentral.amazon.it/skucentral?mSku=3286342054919&condition=New
3286342055114,120.90,68,8684,https://sellercentral.amazon.it/skucentral?mSku=3286342055114&condition=New
3286342055718,151.30,27,8684,https://sellercentral.amazon.it/skucentral?mSku=3286342055718&condition=New
3286342056210,134.10,35,8684,https://sellercentral.amazon.it/skucentral?mSku=3286342056210&condition=New
3286342056913,181.55,33,8684,https://sellercentral.amazon.it/skucentral?mSku=3286342056913&condition=New
3286342057217,188.70,38,8684,https://sellercentral.amazon.it/skucentral?mSku=3286342057217&condition=New
3286342057613,252.50,21,8684,https://sellercentral.amazon.it/skucentral?mSku=3286342057613&condition=New
3286342057811,181.55,20,8684,https://sellercentral.amazon.it/skucentral?mSku=3286342057811&condition=New
3286342058412,250.30,11,8684,https://sellercentral.amazon.it/skucentral?mSku=3286342058412&condition=New
3286342058719,223.90,10,8684,https://sellercentral.amazon.it/skucentral?mSku=3286342058719&condition=New
3286342058917,227.20,8,8684,https://sellercentral.amazon.it/skucentral?mSku=3286342058917&condition=New
3286342089010,106.60,14,8684,https://sellercentral.amazon.it/skucentral?mSku=3286342089010&condition=New
3286342090115,150.20,22,8684,https://sellercentral.amazon.it/skucentral?mSku=3286342090115&condition=New
3286342090313,168.90,62,8684,https://sellercentral.amazon.it/skucentral?mSku=3286342090313&condition=New
3286342130217,112.10,11,8684,https://sellercentral.amazon.it/skucentral?mSku=3286342130217&condition=New
3286342131115,89.00,61,8684,https://sellercentral.amazon.it/skucentral?mSku=3286342131115&condition=New
3286342235318,124.75,33,8684,https://sellercentral.amazon.it/skucentral?mSku=3286342235318&condition=New
3286342237619,144.00,60,8684,https://sellercentral.amazon.it/skucentral?mSku=3286342237619&condition=New
3286342238012,136.85,18,8684,https://sellercentral.amazon.it/skucentral?mSku=3286342238012&condition=New
3286342238616,173.30,33,8684,https://sellercentral.amazon.it/skucentral?mSku=3286342238616&condition=New
3286342239415,163.40,13,8684,https://sellercentral.amazon.it/skucentral?mSku=3286342239415&condition=New
3286342239712,137.40,25,8684,https://sellercentral.amazon.it/skucentral?mSku=3286342239712&condition=New
3286342277219,298.70,20,8684,https://sellercentral.amazon.it/skucentral?mSku=3286342277219&condition=New
3286342555713,179.35,15,8684,https://sellercentral.amazon.it/skucentral?mSku=3286342555713&condition=New
3286342603513,184.30,25,8684,https://sellercentral.amazon.it/skucentral?mSku=3286342603513&condition=New
3286342603919,106.05,74,8684,https://sellercentral.amazon.it/skucentral?mSku=3286342603919&condition=New
3286342604015,189.80,60,8684,https://sellercentral.amazon.it/skucentral?mSku=3286342604015&condition=New
3286342604619,222.80,26,8684,https://sellercentral.amazon.it/skucentral?mSku=3286342604619&condition=New
3286342606712,228.30,38,8684,https://sellercentral.amazon.it/skucentral?mSku=3286342606712&condition=New
3286342855110,167.25,43,8684,https://sellercentral.amazon.it/skucentral?mSku=3286342855110&condition=New
3528700148787,100.00,39,8684,https://sellercentral.amazon.it/skucentral?mSku=3528700148787&condition=New
3528700859911,237.10,12,8684,https://sellercentral.amazon.it/skucentral?mSku=3528700859911&condition=New
3528701119977,172.20,8,8684,https://sellercentral.amazon.it/skucentral?mSku=3528701119977&condition=New
3528701334042,137.40,10,8684,https://sellercentral.amazon.it/skucentral?mSku=3528701334042&condition=New
3528701514727,174.40,29,8684,https://sellercentral.amazon.it/skucentral?mSku=3528701514727&condition=New
3528701662602,138.50,14,8684,https://sellercentral.amazon.it/skucentral?mSku=3528701662602&condition=New
3528701955063,101.10,31,8684,https://sellercentral.amazon.it/skucentral?mSku=3528701955063&condition=New
3528702427811,233.80,31,8684,https://sellercentral.amazon.it/skucentral?mSku=3528702427811&condition=New
3528702621004,163.40,60,8684,https://sellercentral.amazon.it/skucentral?mSku=3528702621004&condition=New
3528702727768,136.30,5,8684,https://sellercentral.amazon.it/skucentral?mSku=3528702727768&condition=New
3528702885437,249.20,36,8684,https://sellercentral.amazon.it/skucentral?mSku=3528702885437&condition=New
3528703004813,228.30,48,8684,https://sellercentral.amazon.it/skucentral?mSku=3528703004813&condition=New
3528703296362,298.70,20,8684,https://sellercentral.amazon.it/skucentral?mSku=3528703296362&condition=New
3528703458333,172.20,27,8684,https://sellercentral.amazon.it/skucentral?mSku=3528703458333&condition=New
3528703867586,181.00,10,8684,https://sellercentral.amazon.it/skucentral?mSku=3528703867586&condition=New
3528703933526,174.40,13,8684,https://sellercentral.amazon.it/skucentral?mSku=3528703933526&condition=New
3528704115365,162.30,49,8684,https://sellercentral.amazon.it/skucentral?mSku=3528704115365&condition=New
3528704149667,92.03,34,8684,https://sellercentral.amazon.it/skucentral?mSku=3528704149667&condition=New
3528704334605,262.40,29,8684,https://sellercentral.amazon.it/skucentral?mSku=3528704334605&condition=New
3528704407088,285.50,5,8684,https://sellercentral.amazon.it/skucentral?mSku=3528704407088&condition=New
3528704424917,173.70,0,8684,https://sellercentral.amazon.it/skucentral?mSku=3528704424917&condition=New
3528704687527,241.50,9,8684,https://sellercentral.amazon.it/skucentral?mSku=3528704687527&condition=New
3528705368517,216.20,6,8684,https://sellercentral.amazon.it/skucentral?mSku=3528705368517&condition=New
3528705410681,245.90,20,8684,https://sellercentral.amazon.it/skucentral?mSku=3528705410681&condition=New
3528705464769,186.50,8,8684,https://sellercentral.amazon.it/skucentral?mSku=3528705464769&condition=New
3528705466213,158.45,35,8684,https://sellercentral.amazon.it/skucentral?mSku=3528705466213&condition=New
3528705593551,198.49,26,8684,https://sellercentral.amazon.it/skucentral?mSku=3528705593551&condition=New
3528706006937,106.05,25,8684,https://sellercentral.amazon.it/skucentral?mSku=3528706006937&condition=New
3528706492952,266.80,14,8684,https://sellercentral.amazon.it/skucentral?mSku=3528706492952&condition=New
3528706840579,85.70,10,8684,https://sellercentral.amazon.it/skucentral?mSku=3528706840579&condition=New
3528707073716,218.40,14,8684,https://sellercentral.amazon.it/skucentral?mSku=3528707073716&condition=New
3528707112477,238.20,6,8684,https://sellercentral.amazon.it/skucentral?mSku=3528707112477&condition=New
3528707219077,152.40,24,8684,https://sellercentral.amazon.it/skucentral?mSku=3528707219077&condition=New
3528707640710,240.40,6,8684,https://sellercentral.amazon.it/skucentral?mSku=3528707640710&condition=New
3528707711168,84.05,69,8684,https://sellercentral.amazon.it/skucentral?mSku=3528707711168&condition=New
3528707976925,379.00,32,8684,https://sellercentral.amazon.it/skucentral?mSku=3528707976925&condition=New
3528708137653,306.40,32,8684,https://sellercentral.amazon.it/skucentral?mSku=3528708137653&condition=New
3528708149564,109.90,52,8684,https://sellercentral.amazon.it/skucentral?mSku=3528708149564&condition=New
3528708368194,249.20,31,8684,https://sellercentral.amazon.it/skucentral?mSku=3528708368194&condition=New
3528708717329,102.20,55,8684,https://sellercentral.amazon.it/skucentral?mSku=3528708717329&condition=New
3528708725072,121.45,47,8684,https://sellercentral.amazon.it/skucentral?mSku=3528708725072&condition=New
3528708770843,207.40,14,8684,https://sellercentral.amazon.it/skucentral?mSku=3528708770843&condition=New
3528708845060,171.65,6,8684,https://sellercentral.amazon.it/skucentral?mSku=3528708845060&condition=New
3528709312356,90.65,17,8684,https://sellercentral.amazon.it/skucentral?mSku=3528709312356&condition=New
3528709566025,90.10,34,8684,https://sellercentral.amazon.it/skucentral?mSku=3528709566025&condition=New
3528709643498,283.30,6,8684,https://sellercentral.amazon.it/skucentral?mSku=3528709643498&condition=New
3528709710855,135.75,11,8684,https://sellercentral.amazon.it/skucentral?mSku=3528709710855&condition=New
4019238003772,304.20,54,8684,https://sellercentral.amazon.it/skucentral?mSku=4019238003772&condition=New
4019238013429,187.60,42,8684,https://sellercentral.amazon.it/skucentral?mSku=4019238013429&condition=New
4019238013504,165.60,70,8684,https://sellercentral.amazon.it/skucentral?mSku=4019238013504&condition=New
4019238016291,91.75,75,8684,https://sellercentral.amazon.it/skucentral?mSku=4019238016291&condition=New
4019238032536,135.20,37,8684,https://sellercentral.amazon.it/skucentral?mSku=4019238032536&condition=New
4019238066968,96.15,44,8684,https://sellercentral.amazon.it/skucentral?mSku=4019238066968&condition=New
4019238075915,258.00,11,8684,https://sellercentral.amazon.it/skucentral?mSku=4019238075915&condition=New
4019238077957,313.00,59,8684,https://sellercentral.amazon.it/skucentral?mSku=4019238077957&condition=New
4019238078541,118.70,12,8684,https://sellercentral.amazon.it/skucentral?mSku=4019238078541&condition=New
4019238078787,293.75,11,8684,https://sellercentral.amazon.it/skucentral?mSku=4019238078787&condition=New
4019238078817,223.90,17,8684,https://sellercentral.amazon.it/skucentral?mSku=4019238078817&condition=New
4019238078855,278.35,13,8684,https://sellercentral.amazon.it/skucentral?mSku=4019238078855&condition=New
4019238078923,242.60,6,8684,https://sellercentral.amazon.it/skucentral?mSku=4019238078923&condition=New
4019238079265,131.90,46,8684,https://sellercentral.amazon.it/skucentral?mSku=4019238079265&condition=New
4019238079272,130.75,46,8684,https://sellercentral.amazon.it/skucentral?mSku=4019238079272&condition=New
4019238079388,160.10,30,8684,https://sellercentral.amazon.it/skucentral?mSku=4019238079388&condition=New
4019238079463,133.55,49,8684,https://sellercentral.amazon.it/skucentral?mSku=4019238079463&condition=New
4019238084085,247.00,17,8684,https://sellercentral.amazon.it/skucentral?mSku=4019238084085&condition=New
4019238084160,234.90,34,8684,https://sellercentral.amazon.it/skucentral?mSku=4019238084160&condition=New
4019238092448,166.70,6,8684,https://sellercentral.amazon.it/skucentral?mSku=4019238092448&condition=New
4019238092455,184.30,8,8684,https://sellercentral.amazon.it/skucentral?mSku=4019238092455&condition=New
4019238092615,98.90,61,8684,https://sellercentral.amazon.it/skucentral?mSku=4019238092615&condition=New
4019238092769,211.80,6,8684,https://sellercentral.amazon.it/skucentral?mSku=4019238092769&condition=New
4019238092776,247.28,41,8684,https://sellercentral.amazon.it/skucentral?mSku=4019238092776&condition=New
4019238093551,303.65,11,8684,https://sellercentral.amazon.it/skucentral?mSku=4019238093551&condition=New
4019238093810,357.00,39,8684,https://sellercentral.amazon.it/skucentral?mSku=4019238093810&condition=New
4019238094480,196.95,32,8684,https://sellercentral.amazon.it/skucentral?mSku=4019238094480&condition=New
4019238094497,228.30,11,8684,https://sellercentral.amazon.it/skucentral?mSku=4019238094497&condition=New
4019238094923,167.80,13,8684,https://sellercentral.amazon.it/skucentral?mSku=4019238094923&condition=New
4019238096989,220.60,18,8684,https://sellercentral.amazon.it/skucentral?mSku=4019238096989&condition=New
4019238097474,135.20,32,8684,https://sellercentral.amazon.it/skucentral?mSku=4019238097474&condition=New
4019238097658,182.65,14,8684,https://sellercentral.amazon.it/skucentral?mSku=4019238097658&condition=New
4019238097689,154.05,15,8684,https://sellercentral.amazon.it/skucentral?mSku=4019238097689&condition=New
4019238097795,219.50,6,8684,https://sellercentral.amazon.it/skucentral?mSku=4019238097795&condition=New
4019238098662,284.40,18,8684,https://sellercentral.amazon.it/skucentral?mSku=4019238098662&condition=New
4019238287530,232.70,26,8684,https://sellercentral.amazon.it/skucentral?mSku=4019238287530&condition=New
4019238317800,282.20,25,8684,https://sellercentral.amazon.it/skucentral?mSku=4019238317800&condition=New
4019238456226,97.75,13,8684,https://sellercentral.amazon.it/skucentral?mSku=4019238456226&condition=New
4019238492415,194.20,18,8684,https://sellercentral.amazon.it/skucentral?mSku=4019238492415&condition=New
4019238526004,124.20,14,8684,https://sellercentral.amazon.it/skucentral?mSku=4019238526004&condition=New
4019238528091,242.60,56,8684,https://sellercentral.amazon.it/skucentral?mSku=4019238528091&condition=New
4019238557367,186.50,100,8684,https://sellercentral.amazon.it/skucentral?mSku=4019238557367&condition=New
4019238559149,139.60,17,8684,https://sellercentral.amazon.it/skucentral?mSku=4019238559149&condition=New
4019238563122,272.30,33,8684,https://sellercentral.amazon.it/skucentral?mSku=4019238563122&condition=New
4019238563627,242.05,43,8684,https://sellercentral.amazon.it/skucentral?mSku=4019238563627&condition=New
4019238565997,155.70,53,8684,https://sellercentral.amazon.it/skucentral?mSku=4019238565997&condition=New
4019238566062,152.40,53,8684,https://sellercentral.amazon.it/skucentral?mSku=4019238566062&condition=New
4019238566499,183.20,56,8684,https://sellercentral.amazon.it/skucentral?mSku=4019238566499&condition=New
4019238568042,294.30,17,8684,https://sellercentral.amazon.it/skucentral?mSku=4019238568042&condition=New
4019238591163,278.35,27,8684,https://sellercentral.amazon.it/skucentral?mSku=4019238591163&condition=New
4019238597080,153.50,12,8684,https://sellercentral.amazon.it/skucentral?mSku=4019238597080&condition=New
4019238597615,140.15,41,8684,https://sellercentral.amazon.it/skucentral?mSku=4019238597615&condition=New
4019238601701,177.15,23,8684,https://sellercentral.amazon.it/skucentral?mSku=4019238601701&condition=New
4019238618501,138.50,10,8684,https://sellercentral.amazon.it/skucentral?mSku=4019238618501&condition=New
4019238620146,140.15,26,8684,https://sellercentral.amazon.it/skucentral?mSku=4019238620146&condition=New
4019238624427,124.75,57,8684,https://sellercentral.amazon.it/skucentral?mSku=4019238624427&condition=New
4019238624830,294.85,73,8684,https://sellercentral.amazon.it/skucentral?mSku=4019238624830&condition=New
4019238624847,310.80,43,8684,https://sellercentral.amazon.it/skucentral?mSku=4019238624847&condition=New
4019238632026,128.60,17,8684,https://sellercentral.amazon.it/skucentral?mSku=4019238632026&condition=New
4019238633542,117.60,27,8684,https://sellercentral.amazon.it/skucentral?mSku=4019238633542&condition=New
4019238636116,115.40,49,8684,https://sellercentral.amazon.it/skucentral?mSku=4019238636116&condition=New
4019238651614,130.80,12,8684,https://sellercentral.amazon.it/skucentral?mSku=4019238651614&condition=New
4019238651676,292.10,90,8684,https://sellercentral.amazon.it/skucentral?mSku=4019238651676&condition=New
4019238651829,134.10,57,8684,https://sellercentral.amazon.it/skucentral?mSku=4019238651829&condition=New
4019238656909,134.10,32,8684,https://sellercentral.amazon.it/skucentral?mSku=4019238656909&condition=New
4019238659160,129.15,30,8684,https://sellercentral.amazon.it/skucentral?mSku=4019238659160&condition=New
4019238665109,214.00,15,8684,https://sellercentral.amazon.it/skucentral?mSku=4019238665109&condition=New
4019238674873,128.05,24,8684,https://sellercentral.amazon.it/skucentral?mSku=4019238674873&condition=New
4019238675337,227.20,30,8684,https://sellercentral.amazon.it/skucentral?mSku=4019238675337&condition=New
4019238676426,165.60,5,8684,https://sellercentral.amazon.it/skucentral?mSku=4019238676426&condition=New
4019238680508,161.20,40,8684,https://sellercentral.amazon.it/skucentral?mSku=4019238680508&condition=New
4019238716634,341.60,6,8684,https://sellercentral.amazon.it/skucentral?mSku=4019238716634&condition=New
4019238716641,315.20,28,8684,https://sellercentral.amazon.it/skucentral?mSku=4019238716641&condition=New
4019238716795,281.10,15,8684,https://sellercentral.amazon.it/skucentral?mSku=4019238716795&condition=New
4019238728354,122.00,22,8684,https://sellercentral.amazon.it/skucentral?mSku=4019238728354&condition=New
4019238744095,163.95,6,8684,https://sellercentral.amazon.it/skucentral?mSku=4019238744095&condition=New
4019238751116,259.65,24,8684,https://sellercentral.amazon.it/skucentral?mSku=4019238751116&condition=New
4019238754070,291.55,13,8684,https://sellercentral.amazon.it/skucentral?mSku=4019238754070&condition=New
4019238754100,173.70,0,8684,https://sellercentral.amazon.it/skucentral?mSku=4019238754100&condition=New
4019238762501,171.10,15,8684,https://sellercentral.amazon.it/skucentral?mSku=4019238762501&condition=New
4019238772036,341.60,12,8684,https://sellercentral.amazon.it/skucentral?mSku=4019238772036&condition=New
4019238772333,113.75,39,8684,https://sellercentral.amazon.it/skucentral?mSku=4019238772333&condition=New
4019238772418,133.00,9,8684,https://sellercentral.amazon.it/skucentral?mSku=4019238772418&condition=New
4019238779455,117.60,47,8684,https://sellercentral.amazon.it/skucentral?mSku=4019238779455&condition=New
4019238779653,211.25,27,8684,https://sellercentral.amazon.it/skucentral?mSku=4019238779653&condition=New
4019238780598,203.00,12,8684,https://sellercentral.amazon.it/skucentral?mSku=4019238780598&condition=New
4019238780734,136.85,22,8684,https://sellercentral.amazon.it/skucentral?mSku=4019238780734&condition=New
4019238780789,250.30,31,8684,https://sellercentral.amazon.it/skucentral?mSku=4019238780789&condition=New
4019238781342,151.30,20,8684,https://sellercentral.amazon.it/skucentral?mSku=4019238781342&condition=New
4019238782028,140.70,7,8684,https://sellercentral.amazon.it/skucentral?mSku=4019238782028&condition=New
4019238786910,151.85,22,8684,https://sellercentral.amazon.it/skucentral?mSku=4019238786910&condition=New
4019238786927,115.40,7,8684,https://sellercentral.amazon.it/skucentral?mSku=4019238786927&condition=New
4019238787504,153.50,29,8684,https://sellercentral.amazon.it/skucentral?mSku=4019238787504&condition=New
4019238789607,123.10,13,8684,https://sellercentral.amazon.it/skucentral?mSku=4019238789607&condition=New
4019238796018,144.55,0,8684,https://sellercentral.amazon.it/skucentral?mSku=4019238796018&condition=New
4019238804492,201.90,14,8684,https://sellercentral.amazon.it/skucentral?mSku=4019238804492&condition=New
4019238807950,315.20,30,8684,https://sellercentral.amazon.it/skucentral?mSku=4019238807950&condition=New
4024068000532,92.30,23,8684,https://sellercentral.amazon.it/skucentral?mSku=4024068000532&condition=New
4024068000570,117.60,39,8684,https://sellercentral.amazon.it/skucentral?mSku=4024068000570&condition=New
4024068000679,62.60,74,8684,https://sellercentral.amazon.it/skucentral?mSku=4024068000679&condition=New
4024068000808,90.10,13,8684,https://sellercentral.amazon.it/skucentral?mSku=4024068000808&condition=New
4024068002260,101.65,25,8684,https://sellercentral.amazon.it/skucentral?mSku=4024068002260&condition=New
4024068002932,103.30,73,8684,https://sellercentral.amazon.it/skucentral?mSku=4024068002932&condition=New
4024068003199,150.20,38,8684,https://sellercentral.amazon.it/skucentral?mSku=4024068003199&condition=New
4024068003977,109.90,23,8684,https://sellercentral.amazon.it/skucentral?mSku=4024068003977&condition=New
4024068443001,60.40,44,8684,https://sellercentral.amazon.it/skucentral?mSku=4024068443001&condition=New
4024068669326,65.90,72,8684,https://sellercentral.amazon.it/skucentral?mSku=4024068669326&condition=New
4024068669333,63.98,0,8684,https://sellercentral.amazon.it/skucentral?mSku=4024068669333&condition=New
4024068669746,80.75,12,8684,https://sellercentral.amazon.it/skucentral?mSku=4024068669746&condition=New
4038526067845,82.40,95,8684,https://sellercentral.amazon.it/skucentral?mSku=4038526067845&condition=New
4038526067852,90.10,38,8684,https://sellercentral.amazon.it/skucentral?mSku=4038526067852&condition=New
4038526067906,114.85,61,8684,https://sellercentral.amazon.it/skucentral?mSku=4038526067906&condition=New
4038526067920,118.70,56,8684,https://sellercentral.amazon.it/skucentral?mSku=4038526067920&condition=New
4038526068149,80.20,46,8684,https://sellercentral.amazon.it/skucentral?mSku=4038526068149&condition=New
4038526068194,126.95,59,8684,https://sellercentral.amazon.it/skucentral?mSku=4038526068194&condition=New
4038526068200,127.50,77,8684,https://sellercentral.amazon.it/skucentral?mSku=4038526068200&condition=New
4038526068231,112.10,16,8684,https://sellercentral.amazon.it/skucentral?mSku=4038526068231&condition=New
4038526068248,126.40,28,8684,https://sellercentral.amazon.it/skucentral?mSku=4038526068248&condition=New
4038526068286,106.05,100,8684,https://sellercentral.amazon.it/skucentral?mSku=4038526068286&condition=New
4038526068309,141.80,5,8684,https://sellercentral.amazon.it/skucentral?mSku=4038526068309&condition=New
4038526068675,136.30,7,8684,https://sellercentral.amazon.it/skucentral?mSku=4038526068675&condition=New
4038526068712,125.85,86,8684,https://sellercentral.amazon.it/skucentral?mSku=4038526068712&condition=New
4038526068729,127.50,72,8684,https://sellercentral.amazon.it/skucentral?mSku=4038526068729&condition=New
4038526068743,123.65,41,8684,https://sellercentral.amazon.it/skucentral?mSku=4038526068743&condition=New
4038526068774,134.10,84,8684,https://sellercentral.amazon.it/skucentral?mSku=4038526068774&condition=New
4038526068798,141.25,42,8684,https://sellercentral.amazon.it/skucentral?mSku=4038526068798&condition=New
4038526068835,139.05,70,8684,https://sellercentral.amazon.it/skucentral?mSku=4038526068835&condition=New
4038526068842,137.40,70,8684,https://sellercentral.amazon.it/skucentral?mSku=4038526068842&condition=New
4038526069016,126.40,72,8684,https://sellercentral.amazon.it/skucentral?mSku=4038526069016&condition=New
4038526069023,138.50,58,8684,https://sellercentral.amazon.it/skucentral?mSku=4038526069023&condition=New
4038526069047,166.15,68,8684,https://sellercentral.amazon.it/skucentral?mSku=4038526069047&condition=New
4038526069078,206.30,30,8684,https://sellercentral.amazon.it/skucentral?mSku=4038526069078&condition=New
4038526069085,176.60,9,8684,https://sellercentral.amazon.it/skucentral?mSku=4038526069085&condition=New
4038526069092,207.95,27,8684,https://sellercentral.amazon.it/skucentral?mSku=4038526069092&condition=New
4038526069108,162.30,39,8684,https://sellercentral.amazon.it/skucentral?mSku=4038526069108&condition=New
4038526069177,167.80,36,8684,https://sellercentral.amazon.it/skucentral?mSku=4038526069177&condition=New
4038526069214,149.10,100,8684,https://sellercentral.amazon.it/skucentral?mSku=4038526069214&condition=New
4038526069238,205.20,25,8684,https://sellercentral.amazon.it/skucentral?mSku=4038526069238&condition=New
4038526069320,235.45,47,8684,https://sellercentral.amazon.it/skucentral?mSku=4038526069320&condition=New
4038526069344,196.40,78,8684,https://sellercentral.amazon.it/skucentral?mSku=4038526069344&condition=New
4038526069511,245.90,73,8684,https://sellercentral.amazon.it/skucentral?mSku=4038526069511&condition=New
4038526074195,118.70,40,100899,https://sellercentral.amazon.it/skucentral?mSku=4038526074195&condition=New
4038526074386,171.10,25,100899,https://sellercentral.amazon.it/skucentral?mSku=4038526074386&condition=New
4038526074690,156.80,9,100899,https://sellercentral.amazon.it/skucentral?mSku=4038526074690&condition=New
4038526074805,152.95,31,100899,https://sellercentral.amazon.it/skucentral?mSku=4038526074805&condition=New
4038526097705,125.30,12,8684,https://sellercentral.amazon.it/skucentral?mSku=4038526097705&condition=New
4038526099822,135.20,53,8684,https://sellercentral.amazon.it/skucentral?mSku=4038526099822&condition=New
4038526102911,260.20,9,8684,https://sellercentral.amazon.it/skucentral?mSku=4038526102911&condition=New
4038526335722,193.65,19,8684,https://sellercentral.amazon.it/skucentral?mSku=4038526335722&condition=New
4038526338211,112.10,75,8684,https://sellercentral.amazon.it/skucentral?mSku=4038526338211&condition=New
4038526342256,188.70,27,8684,https://sellercentral.amazon.it/skucentral?mSku=4038526342256&condition=New
4038526352811,164.50,33,8684,https://sellercentral.amazon.it/skucentral?mSku=4038526352811&condition=New
4038526353832,160.93,40,8684,https://sellercentral.amazon.it/skucentral?mSku=4038526353832&condition=New
4038526360199,233.80,58,8684,https://sellercentral.amazon.it/skucentral?mSku=4038526360199&condition=New
4038526360328,92.30,40,8684,https://sellercentral.amazon.it/skucentral?mSku=4038526360328&condition=New
4038526360342,80.20,12,8684,https://sellercentral.amazon.it/skucentral?mSku=4038526360342&condition=New
4038526360809,134.10,64,8684,https://sellercentral.amazon.it/skucentral?mSku=4038526360809&condition=New
4038526395481,119.25,35,8684,https://sellercentral.amazon.it/skucentral?mSku=4038526395481&condition=New
4038526397706,139.60,8,8684,https://sellercentral.amazon.it/skucentral?mSku=4038526397706&condition=New
4038526403575,105.50,64,8684,https://sellercentral.amazon.it/skucentral?mSku=4038526403575&condition=New
4038526417695,161.20,12,8684,https://sellercentral.amazon.it/skucentral?mSku=4038526417695&condition=New
5420068600427,71.95,47,19098,https://sellercentral.amazon.it/skucentral?mSku=5420068600427&condition=New
5420068601578,59.85,63,19098,https://sellercentral.amazon.it/skucentral?mSku=5420068601578&condition=New
5420068604166,64.25,8,19098,https://sellercentral.amazon.it/skucentral?mSku=5420068604166&condition=New
5420068604289,89.00,32,19098,https://sellercentral.amazon.it/skucentral?mSku=5420068604289&condition=New
5420068604647,64.75,9,19098,https://sellercentral.amazon.it/skucentral?mSku=5420068604647&condition=New
5420068605026,89.00,10,19098,https://sellercentral.amazon.it/skucentral?mSku=5420068605026&condition=New
5420068605484,66.45,100,19098,https://sellercentral.amazon.it/skucentral?mSku=5420068605484&condition=New
5420068605491,68.10,16,19098,https://sellercentral.amazon.it/skucentral?mSku=5420068605491&condition=New
5420068605613,66.45,100,19098,https://sellercentral.amazon.it/skucentral?mSku=5420068605613&condition=New
5420068605620,68.10,16,19098,https://sellercentral.amazon.it/skucentral?mSku=5420068605620&condition=New
5420068605651,63.70,7,19098,https://sellercentral.amazon.it/skucentral?mSku=5420068605651&condition=New
5420068605699,64.25,100,19098,https://sellercentral.amazon.it/skucentral?mSku=5420068605699&condition=New
5420068606245,49.40,63,19098,https://sellercentral.amazon.it/skucentral?mSku=5420068606245&condition=New
5420068606276,51.60,74,19098,https://sellercentral.amazon.it/skucentral?mSku=5420068606276&condition=New
5420068606849,85.70,86,19098,https://sellercentral.amazon.it/skucentral?mSku=5420068606849&condition=New
5420068607143,96.15,74,19098,https://sellercentral.amazon.it/skucentral?mSku=5420068607143&condition=New
5420068607167,122.00,50,19098,https://sellercentral.amazon.it/skucentral?mSku=5420068607167&condition=New
5420068607174,75.75,76,19098,https://sellercentral.amazon.it/skucentral?mSku=5420068607174&condition=New
5420068607181,67.55,30,19098,https://sellercentral.amazon.it/skucentral?mSku=5420068607181&condition=New
5420068607266,68.65,10,19098,https://sellercentral.amazon.it/skucentral?mSku=5420068607266&condition=New
5420068607280,64.25,11,19098,https://sellercentral.amazon.it/skucentral?mSku=5420068607280&condition=New
5420068607402,75.25,65,19098,https://sellercentral.amazon.it/skucentral?mSku=5420068607402&condition=New
5420068607419,75.25,36,19098,https://sellercentral.amazon.it/skucentral?mSku=5420068607419&condition=New
5420068607433,69.75,33,19098,https://sellercentral.amazon.it/skucentral?mSku=5420068607433&condition=New
5420068607464,74.15,55,19098,https://sellercentral.amazon.it/skucentral?mSku=5420068607464&condition=New
5420068607471,68.65,18,19098,https://sellercentral.amazon.it/skucentral?mSku=5420068607471&condition=New
5420068607495,80.75,100,19098,https://sellercentral.amazon.it/skucentral?mSku=5420068607495&condition=New
5420068607525,90.10,79,19098,https://sellercentral.amazon.it/skucentral?mSku=5420068607525&condition=New
5420068607716,63.70,74,19098,https://sellercentral.amazon.it/skucentral?mSku=5420068607716&condition=New
5420068607792,87.90,58,19098,https://sellercentral.amazon.it/skucentral?mSku=5420068607792&condition=New
5420068612536,78.00,23,19098,https://sellercentral.amazon.it/skucentral?mSku=5420068612536&condition=New
5420068621057,56.00,32,8684,https://sellercentral.amazon.it/skucentral?mSku=5420068621057&condition=New
5420068621132,67.55,61,8684,https://sellercentral.amazon.it/skucentral?mSku=5420068621132&condition=New
5420068621903,58.75,100,8684,https://sellercentral.amazon.it/skucentral?mSku=5420068621903&condition=New
5420068621927,64.75,100,8684,https://sellercentral.amazon.it/skucentral?mSku=5420068621927&condition=New
5420068621958,57.65,80,8684,https://sellercentral.amazon.it/skucentral?mSku=5420068621958&condition=New
5420068621989,68.38,36,8684,https://sellercentral.amazon.it/skucentral?mSku=5420068621989&condition=New
5420068622207,80.75,83,8684,https://sellercentral.amazon.it/skucentral?mSku=5420068622207&condition=New
5420068622894,65.90,26,8684,https://sellercentral.amazon.it/skucentral?mSku=5420068622894&condition=New
5420068622917,63.15,62,8684,https://sellercentral.amazon.it/skucentral?mSku=5420068622917&condition=New
5420068623020,88.45,20,8684,https://sellercentral.amazon.it/skucentral?mSku=5420068623020&condition=New
5420068623075,96.98,32,8684,https://sellercentral.amazon.it/skucentral?mSku=5420068623075&condition=New
5420068623983,55.45,29,8684,https://sellercentral.amazon.it/skucentral?mSku=5420068623983&condition=New
5420068624119,75.25,80,8684,https://sellercentral.amazon.it/skucentral?mSku=5420068624119&condition=New
5420068624317,53.25,100,8684,https://sellercentral.amazon.it/skucentral?mSku=5420068624317&condition=New
5420068624348,55.18,100,8684,https://sellercentral.amazon.it/skucentral?mSku=5420068624348&condition=New
5420068624416,63.15,5,8684,https://sellercentral.amazon.it/skucentral?mSku=5420068624416&condition=New
5420068624461,52.15,94,8684,https://sellercentral.amazon.it/skucentral?mSku=5420068624461&condition=New
5420068624911,58.75,54,8684,https://sellercentral.amazon.it/skucentral?mSku=5420068624911&condition=New
5420068624959,55.45,40,8684,https://sellercentral.amazon.it/skucentral?mSku=5420068624959&condition=New
5420068625062,51.33,22,8684,https://sellercentral.amazon.it/skucentral?mSku=5420068625062&condition=New
5420068625185,56.55,100,8684,https://sellercentral.amazon.it/skucentral?mSku=5420068625185&condition=New
5420068625307,60.95,97,8684,https://sellercentral.amazon.it/skucentral?mSku=5420068625307&condition=New
5420068625383,55.45,83,8684,https://sellercentral.amazon.it/skucentral?mSku=5420068625383&condition=New
5420068625475,61.50,23,8684,https://sellercentral.amazon.it/skucentral?mSku=5420068625475&condition=New
5420068625482,62.05,66,8684,https://sellercentral.amazon.it/skucentral?mSku=5420068625482&condition=New
5420068625659,63.15,67,8684,https://sellercentral.amazon.it/skucentral?mSku=5420068625659&condition=New
5420068625673,65.35,34,8684,https://sellercentral.amazon.it/skucentral?mSku=5420068625673&condition=New
5420068625857,51.60,80,8684,https://sellercentral.amazon.it/skucentral?mSku=5420068625857&condition=New
5420068626489,57.65,100,8684,https://sellercentral.amazon.it/skucentral?mSku=5420068626489&condition=New
5420068626496,61.50,37,8684,https://sellercentral.amazon.it/skucentral?mSku=5420068626496&condition=New
5420068626519,57.65,44,8684,https://sellercentral.amazon.it/skucentral?mSku=5420068626519&condition=New
5420068626526,67.00,96,8684,https://sellercentral.amazon.it/skucentral?mSku=5420068626526&condition=New
5420068626809,47.48,25,8684,https://sellercentral.amazon.it/skucentral?mSku=5420068626809&condition=New
5420068626854,53.25,14,8684,https://sellercentral.amazon.it/skucentral?mSku=5420068626854&condition=New
5420068626908,60.40,7,8684,https://sellercentral.amazon.it/skucentral?mSku=5420068626908&condition=New
5420068626915,47.75,100,8684,https://sellercentral.amazon.it/skucentral?mSku=5420068626915&condition=New
5420068627035,52.15,36,8684,https://sellercentral.amazon.it/skucentral?mSku=5420068627035&condition=New
5420068627097,52.15,95,8684,https://sellercentral.amazon.it/skucentral?mSku=5420068627097&condition=New
5420068627110,57.10,36,8684,https://sellercentral.amazon.it/skucentral?mSku=5420068627110&condition=New
5420068627158,56.00,21,8684,https://sellercentral.amazon.it/skucentral?mSku=5420068627158&condition=New
5420068627202,60.95,33,8684,https://sellercentral.amazon.it/skucentral?mSku=5420068627202&condition=New
5420068628544,63.15,70,8684,https://sellercentral.amazon.it/skucentral?mSku=5420068628544&condition=New
5420068643196,47.20,54,8684,https://sellercentral.amazon.it/skucentral?mSku=5420068643196&condition=New
5420068643578,46.65,72,8684,https://sellercentral.amazon.it/skucentral?mSku=5420068643578&condition=New
5420068644032,60.95,31,8684,https://sellercentral.amazon.it/skucentral?mSku=5420068644032&condition=New
5420068644148,62.60,9,8684,https://sellercentral.amazon.it/skucentral?mSku=5420068644148&condition=New
5420068644285,60.95,34,8684,https://sellercentral.amazon.it/skucentral?mSku=5420068644285&condition=New
5420068645169,65.90,46,8684,https://sellercentral.amazon.it/skucentral?mSku=5420068645169&condition=New
5420068648269,47.75,79,8684,https://sellercentral.amazon.it/skucentral?mSku=5420068648269&condition=New
5420068660094,49.95,8,8684,https://sellercentral.amazon.it/skucentral?mSku=5420068660094&condition=New
5420068661947,59.30,100,8684,https://sellercentral.amazon.it/skucentral?mSku=5420068661947&condition=New
5420068661985,70.85,63,8684,https://sellercentral.amazon.it/skucentral?mSku=5420068661985&condition=New
5420068662043,68.65,41,8684,https://sellercentral.amazon.it/skucentral?mSku=5420068662043&condition=New
5420068662050,67.00,100,8684,https://sellercentral.amazon.it/skucentral?mSku=5420068662050&condition=New
5420068662111,70.30,97,8684,https://sellercentral.amazon.it/skucentral?mSku=5420068662111&condition=New
5420068662418,74.70,100,8684,https://sellercentral.amazon.it/skucentral?mSku=5420068662418&condition=New
5420068662425,74.70,100,8684,https://sellercentral.amazon.it/skucentral?mSku=5420068662425&condition=New
5420068662456,69.20,100,8684,https://sellercentral.amazon.it/skucentral?mSku=5420068662456&condition=New
5420068662487,74.15,94,8684,https://sellercentral.amazon.it/skucentral?mSku=5420068662487&condition=New
5420068662494,87.90,26,8684,https://sellercentral.amazon.it/skucentral?mSku=5420068662494&condition=New
5420068662500,79.10,37,8684,https://sellercentral.amazon.it/skucentral?mSku=5420068662500&condition=New
5420068662524,91.20,56,8684,https://sellercentral.amazon.it/skucentral?mSku=5420068662524&condition=New
5420068663392,63.15,79,8684,https://sellercentral.amazon.it/skucentral?mSku=5420068663392&condition=New
5420068663460,71.40,100,8684,https://sellercentral.amazon.it/skucentral?mSku=5420068663460&condition=New
5420068663484,75.25,100,8684,https://sellercentral.amazon.it/skucentral?mSku=5420068663484&condition=New
5420068663491,74.15,100,8684,https://sellercentral.amazon.it/skucentral?mSku=5420068663491&condition=New
5420068663507,75.25,81,8684,https://sellercentral.amazon.it/skucentral?mSku=5420068663507&condition=New
5420068663545,49.13,19,8684,https://sellercentral.amazon.it/skucentral?mSku=5420068663545&condition=New
5420068663552,48.30,93,8684,https://sellercentral.amazon.it/skucentral?mSku=5420068663552&condition=New
5420068663620,51.05,20,8684,https://sellercentral.amazon.it/skucentral?mSku=5420068663620&condition=New
5420068663675,59.85,65,8684,https://sellercentral.amazon.it/skucentral?mSku=5420068663675&condition=New
5420068663712,51.05,100,8684,https://sellercentral.amazon.it/skucentral?mSku=5420068663712&condition=New
5420068663927,60.95,7,8684,https://sellercentral.amazon.it/skucentral?mSku=5420068663927&condition=New
5420068663934,62.05,100,8684,https://sellercentral.amazon.it/skucentral?mSku=5420068663934&condition=New
5420068663941,62.05,38,8684,https://sellercentral.amazon.it/skucentral?mSku=5420068663941&condition=New
5420068663965,52.70,78,8684,https://sellercentral.amazon.it/skucentral?mSku=5420068663965&condition=New
5420068663972,54.35,9,8684,https://sellercentral.amazon.it/skucentral?mSku=5420068663972&condition=New
5420068664214,78.55,51,8684,https://sellercentral.amazon.it/skucentral?mSku=5420068664214&condition=New
5420068664238,55.45,38,8684,https://sellercentral.amazon.it/skucentral?mSku=5420068664238&condition=New
5420068664283,47.75,100,8684,https://sellercentral.amazon.it/skucentral?mSku=5420068664283&condition=New
5420068664351,51.05,40,8684,https://sellercentral.amazon.it/skucentral?mSku=5420068664351&condition=New
5420068664399,52.15,16,8684,https://sellercentral.amazon.it/skucentral?mSku=5420068664399&condition=New
5420068664429,56.28,0,8684,https://sellercentral.amazon.it/skucentral?mSku=5420068664429&condition=New
5420068664443,56.00,25,8684,https://sellercentral.amazon.it/skucentral?mSku=5420068664443&condition=New
5420068664566,58.75,40,8684,https://sellercentral.amazon.it/skucentral?mSku=5420068664566&condition=New
5420068664634,54.63,50,8684,https://sellercentral.amazon.it/skucentral?mSku=5420068664634&condition=New
5420068664719,57.65,26,8684,https://sellercentral.amazon.it/skucentral?mSku=5420068664719&condition=New
5420068664733,59.85,12,8684,https://sellercentral.amazon.it/skucentral?mSku=5420068664733&condition=New
5420068664771,64.25,70,8684,https://sellercentral.amazon.it/skucentral?mSku=5420068664771&condition=New
5420068664801,59.85,80,8684,https://sellercentral.amazon.it/skucentral?mSku=5420068664801&condition=New
5420068664894,59.30,0,8684,https://sellercentral.amazon.it/skucentral?mSku=5420068664894&condition=New
5420068664986,63.15,80,8684,https://sellercentral.amazon.it/skucentral?mSku=5420068664986&condition=New
5420068665044,69.20,40,8684,https://sellercentral.amazon.it/skucentral?mSku=5420068665044&condition=New
5420068665198,68.65,0,8684,https://sellercentral.amazon.it/skucentral?mSku=5420068665198&condition=New
5420068665228,68.65,69,8684,https://sellercentral.amazon.it/skucentral?mSku=5420068665228&condition=New
5420068665242,82.95,54,8684,https://sellercentral.amazon.it/skucentral?mSku=5420068665242&condition=New
5420068665303,73.05,70,8684,https://sellercentral.amazon.it/skucentral?mSku=5420068665303&condition=New
5420068665327,68.65,36,8684,https://sellercentral.amazon.it/skucentral?mSku=5420068665327&condition=New
5420068665457,59.85,26,8684,https://sellercentral.amazon.it/skucentral?mSku=5420068665457&condition=New
5420068665464,58.20,25,8684,https://sellercentral.amazon.it/skucentral?mSku=5420068665464&condition=New
5420068665808,59.85,26,8684,https://sellercentral.amazon.it/skucentral?mSku=5420068665808&condition=New
5420068665822,59.30,52,8684,https://sellercentral.amazon.it/skucentral?mSku=5420068665822&condition=New
5420068665839,80.75,69,8684,https://sellercentral.amazon.it/skucentral?mSku=5420068665839&condition=New
5420068665853,77.45,100,8684,https://sellercentral.amazon.it/skucentral?mSku=5420068665853&condition=New
5420068665860,69.75,100,8684,https://sellercentral.amazon.it/skucentral?mSku=5420068665860&condition=New
5420068665884,74.15,48,8684,https://sellercentral.amazon.it/skucentral?mSku=5420068665884&condition=New
5420068665891,78.55,86,8684,https://sellercentral.amazon.it/skucentral?mSku=5420068665891&condition=New
5420068666003,63.15,98,8684,https://sellercentral.amazon.it/skucentral?mSku=5420068666003&condition=New
5420068666218,46.65,28,8684,https://sellercentral.amazon.it/skucentral?mSku=5420068666218&condition=New
5420068666478,56.00,100,8684,https://sellercentral.amazon.it/skucentral?mSku=5420068666478&condition=New
5420068667574,55.45,92,8684,https://sellercentral.amazon.it/skucentral?mSku=5420068667574&condition=New
5420068667642,59.30,100,8684,https://sellercentral.amazon.it/skucentral?mSku=5420068667642&condition=New
5420068681235,47.20,20,8684,https://sellercentral.amazon.it/skucentral?mSku=5420068681235&condition=New
5420068681334,48.30,100,8684,https://sellercentral.amazon.it/skucentral?mSku=5420068681334&condition=New
5420068681389,46.65,100,8684,https://sellercentral.amazon.it/skucentral?mSku=5420068681389&condition=New
5420068682164,53.25,100,8684,https://sellercentral.amazon.it/skucentral?mSku=5420068682164&condition=New
5452000438744,129.70,82,8684,https://sellercentral.amazon.it/skucentral?mSku=5452000438744&condition=New
5452000468512,81.30,66,8684,https://sellercentral.amazon.it/skucentral?mSku=5452000468512&condition=New
5452000469298,203.00,22,8684,https://sellercentral.amazon.it/skucentral?mSku=5452000469298&condition=New
5452000488077,236.55,11,8684,https://sellercentral.amazon.it/skucentral?mSku=5452000488077&condition=New
5452000488084,155.15,28,8684,https://sellercentral.amazon.it/skucentral?mSku=5452000488084&condition=New
5452000543394,134.10,82,8684,https://sellercentral.amazon.it/skucentral?mSku=5452000543394&condition=New
5452000578457,127.50,30,8684,https://sellercentral.amazon.it/skucentral?mSku=5452000578457&condition=New
5452000654144,100.00,22,8684,https://sellercentral.amazon.it/skucentral?mSku=5452000654144&condition=New
5452000654755,96.15,9,8684,https://sellercentral.amazon.it/skucentral?mSku=5452000654755&condition=New
5452000682291,90.65,81,8684,https://sellercentral.amazon.it/skucentral?mSku=5452000682291&condition=New
5452000703712,107.70,23,8684,https://sellercentral.amazon.it/skucentral?mSku=5452000703712&condition=New
5452000727169,149.10,43,100893,https://sellercentral.amazon.it/skucentral?mSku=5452000727169&condition=New
6419440567853,108.25,47,8684,https://sellercentral.amazon.it/skucentral?mSku=6419440567853&condition=New
6927116171919,85.70,48,8684,https://sellercentral.amazon.it/skucentral?mSku=6927116171919&condition=New
6927116179823,51.05,36,8684,https://sellercentral.amazon.it/skucentral?mSku=6927116179823&condition=New
6938112637590,68.65,82,8684,https://sellercentral.amazon.it/skucentral?mSku=6938112637590&condition=New
6971901476079,51.60,100,8684,https://sellercentral.amazon.it/skucentral?mSku=6971901476079&condition=New
8019227157420,212.35,32,8684,https://sellercentral.amazon.it/skucentral?mSku=8019227157420&condition=New
8019227163926,258.00,29,8684,https://sellercentral.amazon.it/skucentral?mSku=8019227163926&condition=New
8019227172300,119.75,60,8684,https://sellercentral.amazon.it/skucentral?mSku=8019227172300&condition=New
8019227173789,250.85,8,8684,https://sellercentral.amazon.it/skucentral?mSku=8019227173789&condition=New
8019227173796,262.40,68,8684,https://sellercentral.amazon.it/skucentral?mSku=8019227173796&condition=New
8019227174823,193.65,18,8684,https://sellercentral.amazon.it/skucentral?mSku=8019227174823&condition=New
8019227178050,203.00,56,8684,https://sellercentral.amazon.it/skucentral?mSku=8019227178050&condition=New
8019227182538,204.65,41,8684,https://sellercentral.amazon.it/skucentral?mSku=8019227182538&condition=New
8019227183009,131.35,33,8684,https://sellercentral.amazon.it/skucentral?mSku=8019227183009&condition=New
8019227187601,222.25,44,8684,https://sellercentral.amazon.it/skucentral?mSku=8019227187601&condition=New
8019227190137,123.65,32,8684,https://sellercentral.amazon.it/skucentral?mSku=8019227190137&condition=New
8019227190144,125.30,100,8684,https://sellercentral.amazon.it/skucentral?mSku=8019227190144&condition=New
8019227190687,201.90,34,8684,https://sellercentral.amazon.it/skucentral?mSku=8019227190687&condition=New
8019227192902,216.20,26,8684,https://sellercentral.amazon.it/skucentral?mSku=8019227192902&condition=New
8019227194197,151.30,39,8684,https://sellercentral.amazon.it/skucentral?mSku=8019227194197&condition=New
8019227194944,119.80,60,8684,https://sellercentral.amazon.it/skucentral?mSku=8019227194944&condition=New
8019227195347,132.45,55,8684,https://sellercentral.amazon.it/skucentral?mSku=8019227195347&condition=New
8019227195378,189.80,15,8684,https://sellercentral.amazon.it/skucentral?mSku=8019227195378&condition=New
8019227202779,170.83,9,8684,https://sellercentral.amazon.it/skucentral?mSku=8019227202779&condition=New
8019227203196,156.75,31,8684,https://sellercentral.amazon.it/skucentral?mSku=8019227203196&condition=New
8019227203202,198.55,18,8684,https://sellercentral.amazon.it/skucentral?mSku=8019227203202&condition=New
8019227204025,107.70,98,8684,https://sellercentral.amazon.it/skucentral?mSku=8019227204025&condition=New
8019227204100,141.80,85,8684,https://sellercentral.amazon.it/skucentral?mSku=8019227204100&condition=New
8019227205602,128.60,50,8684,https://sellercentral.amazon.it/skucentral?mSku=8019227205602&condition=New
8019227207477,230.50,12,8684,https://sellercentral.amazon.it/skucentral?mSku=8019227207477&condition=New
8019227207484,150.20,32,8684,https://sellercentral.amazon.it/skucentral?mSku=8019227207484&condition=New
8019227209488,336.50,0,8684,https://sellercentral.amazon.it/skucentral?mSku=8019227209488&condition=New
8019227211948,163.40,20,8684,https://sellercentral.amazon.it/skucentral?mSku=8019227211948&condition=New
8019227212846,228.30,6,8684,https://sellercentral.amazon.it/skucentral?mSku=8019227212846&condition=New
8019227213713,176.60,57,8684,https://sellercentral.amazon.it/skucentral?mSku=8019227213713&condition=New
8019227214673,187.60,10,8684,https://sellercentral.amazon.it/skucentral?mSku=8019227214673&condition=New
8019227214819,294.30,28,8684,https://sellercentral.amazon.it/skucentral?mSku=8019227214819&condition=New
8019227215298,226.10,19,8684,https://sellercentral.amazon.it/skucentral?mSku=8019227215298&condition=New
8019227215380,95.05,24,8684,https://sellercentral.amazon.it/skucentral?mSku=8019227215380&condition=New
8019227215489,253.60,5,8684,https://sellercentral.amazon.it/skucentral?mSku=8019227215489&condition=New
8019227216615,178.25,9,8684,https://sellercentral.amazon.it/skucentral?mSku=8019227216615&condition=New
8019227217995,271.20,18,8684,https://sellercentral.amazon.it/skucentral?mSku=8019227217995&condition=New
8019227218145,222.25,19,8684,https://sellercentral.amazon.it/skucentral?mSku=8019227218145&condition=New
8019227220476,258.00,23,8684,https://sellercentral.amazon.it/skucentral?mSku=8019227220476&condition=New
8019227220490,207.40,8,8684,https://sellercentral.amazon.it/skucentral?mSku=8019227220490&condition=New
8019227220575,223.35,16,8684,https://sellercentral.amazon.it/skucentral?mSku=8019227220575&condition=New
8019227220599,232.00,0,8684,https://sellercentral.amazon.it/skucentral?mSku=8019227220599&condition=New
8019227220735,151.30,45,8684,https://sellercentral.amazon.it/skucentral?mSku=8019227220735&condition=New
8019227221916,334.45,20,8684,https://sellercentral.amazon.it/skucentral?mSku=8019227221916&condition=New
8019227224559,192.00,60,8684,https://sellercentral.amazon.it/skucentral?mSku=8019227224559&condition=New
8019227227314,170.55,11,8684,https://sellercentral.amazon.it/skucentral?mSku=8019227227314&condition=New
8019227229783,193.10,31,8684,https://sellercentral.amazon.it/skucentral?mSku=8019227229783&condition=New
8019227230253,124.75,73,8684,https://sellercentral.amazon.it/skucentral?mSku=8019227230253&condition=New
8019227230871,188.70,22,8684,https://sellercentral.amazon.it/skucentral?mSku=8019227230871&condition=New
8019227231526,263.50,18,8684,https://sellercentral.amazon.it/skucentral?mSku=8019227231526&condition=New
8019227232325,221.70,36,8684,https://sellercentral.amazon.it/skucentral?mSku=8019227232325&condition=New
8019227232899,80.75,28,8684,https://sellercentral.amazon.it/skucentral?mSku=8019227232899&condition=New
8019227233162,149.10,12,8684,https://sellercentral.amazon.it/skucentral?mSku=8019227233162&condition=New
8019227233704,108.25,69,8684,https://sellercentral.amazon.it/skucentral?mSku=8019227233704&condition=New
8019227235067,113.20,48,8684,https://sellercentral.amazon.it/skucentral?mSku=8019227235067&condition=New
8019227236132,240.40,24,8684,https://sellercentral.amazon.it/skucentral?mSku=8019227236132&condition=New
8019227237771,373.50,18,8684,https://sellercentral.amazon.it/skucentral?mSku=8019227237771&condition=New
8019227239027,239.85,65,8684,https://sellercentral.amazon.it/skucentral?mSku=8019227239027&condition=New
8019227239362,164.50,53,8684,https://sellercentral.amazon.it/skucentral?mSku=8019227239362&condition=New
8019227240467,144.00,40,8684,https://sellercentral.amazon.it/skucentral?mSku=8019227240467&condition=New
8019227241327,309.70,11,8684,https://sellercentral.amazon.it/skucentral?mSku=8019227241327&condition=New
8019227241785,122.55,38,8684,https://sellercentral.amazon.it/skucentral?mSku=8019227241785&condition=New
8019227241921,176.05,36,8684,https://sellercentral.amazon.it/skucentral?mSku=8019227241921&condition=New
8019227242300,234.90,33,8684,https://sellercentral.amazon.it/skucentral?mSku=8019227242300&condition=New
8019227242331,127.50,36,8684,https://sellercentral.amazon.it/skucentral?mSku=8019227242331&condition=New
8019227242478,155.70,24,8684,https://sellercentral.amazon.it/skucentral?mSku=8019227242478&condition=New
8019227242812,192.00,73,8684,https://sellercentral.amazon.it/skucentral?mSku=8019227242812&condition=New
8019227243048,135.20,29,8684,https://sellercentral.amazon.it/skucentral?mSku=8019227243048&condition=New
8019227243574,149.65,49,8684,https://sellercentral.amazon.it/skucentral?mSku=8019227243574&condition=New
8019227244007,155.15,54,8684,https://sellercentral.amazon.it/skucentral?mSku=8019227244007&condition=New
8019227244113,250.30,5,8684,https://sellercentral.amazon.it/skucentral?mSku=8019227244113&condition=New
8019227244489,144.00,23,8684,https://sellercentral.amazon.it/skucentral?mSku=8019227244489&condition=New
8019227244519,155.70,27,8684,https://sellercentral.amazon.it/skucentral?mSku=8019227244519&condition=New
8019227244533,138.50,58,8684,https://sellercentral.amazon.it/skucentral?mSku=8019227244533&condition=New
8019227245097,247.55,40,8684,https://sellercentral.amazon.it/skucentral?mSku=8019227245097&condition=New
8019227246124,159.00,48,8684,https://sellercentral.amazon.it/skucentral?mSku=8019227246124&condition=New
8019227246131,138.50,50,8684,https://sellercentral.amazon.it/skucentral?mSku=8019227246131&condition=New
8019227246223,153.50,9,8684,https://sellercentral.amazon.it/skucentral?mSku=8019227246223&condition=New
8019227246254,107.70,81,8684,https://sellercentral.amazon.it/skucentral?mSku=8019227246254&condition=New
8019227246766,171.65,81,8684,https://sellercentral.amazon.it/skucentral?mSku=8019227246766&condition=New
8019227247909,221.15,17,8684,https://sellercentral.amazon.it/skucentral?mSku=8019227247909&condition=New
8019227247916,150.20,64,8684,https://sellercentral.amazon.it/skucentral?mSku=8019227247916&condition=New
8019227247923,128.60,29,8684,https://sellercentral.amazon.it/skucentral?mSku=8019227247923&condition=New
8019227247930,130.25,100,8684,https://sellercentral.amazon.it/skucentral?mSku=8019227247930&condition=New
8019227248951,165.60,34,8684,https://sellercentral.amazon.it/skucentral?mSku=8019227248951&condition=New
8019227248999,131.90,100,8684,https://sellercentral.amazon.it/skucentral?mSku=8019227248999&condition=New
8019227249446,176.05,31,8684,https://sellercentral.amazon.it/skucentral?mSku=8019227249446&condition=New
8019227250176,196.40,66,8684,https://sellercentral.amazon.it/skucentral?mSku=8019227250176&condition=New
8019227250183,257.45,26,8684,https://sellercentral.amazon.it/skucentral?mSku=8019227250183&condition=New
8019227250206,228.85,15,8684,https://sellercentral.amazon.it/skucentral?mSku=8019227250206&condition=New
8019227250596,164.50,36,8684,https://sellercentral.amazon.it/skucentral?mSku=8019227250596&condition=New
8019227251562,149.65,25,8684,https://sellercentral.amazon.it/skucentral?mSku=8019227251562&condition=New
8019227251623,308.55,40,8684,https://sellercentral.amazon.it/skucentral?mSku=8019227251623&condition=New
8019227251838,115.40,43,8684,https://sellercentral.amazon.it/skucentral?mSku=8019227251838&condition=New
8019227252002,108.75,33,8684,https://sellercentral.amazon.it/skucentral?mSku=8019227252002&condition=New
8019227252873,201.90,5,8684,https://sellercentral.amazon.it/skucentral?mSku=8019227252873&condition=New
8019227252880,157.90,22,8684,https://sellercentral.amazon.it/skucentral?mSku=8019227252880&condition=New
8019227254433,196.40,49,8684,https://sellercentral.amazon.it/skucentral?mSku=8019227254433&condition=New
8019227254488,135.20,39,8684,https://sellercentral.amazon.it/skucentral?mSku=8019227254488&condition=New
8019227254495,150.20,43,8684,https://sellercentral.amazon.it/skucentral?mSku=8019227254495&condition=New
8019227254600,172.75,22,8684,https://sellercentral.amazon.it/skucentral?mSku=8019227254600&condition=New
8019227255027,223.90,18,8684,https://sellercentral.amazon.it/skucentral?mSku=8019227255027&condition=New
8019227256024,306.40,32,8684,https://sellercentral.amazon.it/skucentral?mSku=8019227256024&condition=New
8019227256031,256.35,20,8684,https://sellercentral.amazon.it/skucentral?mSku=8019227256031&condition=New
8019227256338,159.00,13,8684,https://sellercentral.amazon.it/skucentral?mSku=8019227256338&condition=New
8019227256956,216.20,34,8684,https://sellercentral.amazon.it/skucentral?mSku=8019227256956&condition=New
8019227260342,236.00,16,8684,https://sellercentral.amazon.it/skucentral?mSku=8019227260342&condition=New
8019227260717,141.80,26,8684,https://sellercentral.amazon.it/skucentral?mSku=8019227260717&condition=New
8019227260724,140.70,100,8684,https://sellercentral.amazon.it/skucentral?mSku=8019227260724&condition=New
8019227261325,191.45,58,8684,https://sellercentral.amazon.it/skucentral?mSku=8019227261325&condition=New
8019227261516,141.25,50,8684,https://sellercentral.amazon.it/skucentral?mSku=8019227261516&condition=New
8019227261745,215.65,6,8684,https://sellercentral.amazon.it/skucentral?mSku=8019227261745&condition=New
8019227261752,280.55,10,8684,https://sellercentral.amazon.it/skucentral?mSku=8019227261752&condition=New
8019227263213,198.05,24,8684,https://sellercentral.amazon.it/skucentral?mSku=8019227263213&condition=New
8019227263237,185.95,96,8684,https://sellercentral.amazon.it/skucentral?mSku=8019227263237&condition=New
8019227263411,219.50,15,8684,https://sellercentral.amazon.it/skucentral?mSku=8019227263411&condition=New
8019227263435,260.20,7,8684,https://sellercentral.amazon.it/skucentral?mSku=8019227263435&condition=New
8019227263442,306.40,17,8684,https://sellercentral.amazon.it/skucentral?mSku=8019227263442&condition=New
8019227263756,183.75,15,8684,https://sellercentral.amazon.it/skucentral?mSku=8019227263756&condition=New
8019227263824,197.50,23,8684,https://sellercentral.amazon.it/skucentral?mSku=8019227263824&condition=New
8019227264920,231.49,20,8684,https://sellercentral.amazon.it/skucentral?mSku=8019227264920&condition=New
8019227265231,172.20,46,8684,https://sellercentral.amazon.it/skucentral?mSku=8019227265231&condition=New
8019227266184,129.70,100,8684,https://sellercentral.amazon.it/skucentral?mSku=8019227266184&condition=New
8019227266276,171.10,21,8684,https://sellercentral.amazon.it/skucentral?mSku=8019227266276&condition=New
8019227268829,97.25,27,8684,https://sellercentral.amazon.it/skucentral?mSku=8019227268829&condition=New
8019227271089,272.30,15,8684,https://sellercentral.amazon.it/skucentral?mSku=8019227271089&condition=New
8019227271362,231.05,27,8684,https://sellercentral.amazon.it/skucentral?mSku=8019227271362&condition=New
8019227271966,149.65,36,8684,https://sellercentral.amazon.it/skucentral?mSku=8019227271966&condition=New
8019227271980,151.30,64,8684,https://sellercentral.amazon.it/skucentral?mSku=8019227271980&condition=New
8019227272222,171.10,16,8684,https://sellercentral.amazon.it/skucentral?mSku=8019227272222&condition=New
8019227272291,206.30,48,8684,https://sellercentral.amazon.it/skucentral?mSku=8019227272291&condition=New
8019227274264,193.65,39,8684,https://sellercentral.amazon.it/skucentral?mSku=8019227274264&condition=New
8019227274301,117.05,54,8684,https://sellercentral.amazon.it/skucentral?mSku=8019227274301&condition=New
8019227274448,149.10,30,8684,https://sellercentral.amazon.it/skucentral?mSku=8019227274448&condition=New
8019227276398,165.60,20,8684,https://sellercentral.amazon.it/skucentral?mSku=8019227276398&condition=New
8019227276435,232.15,41,8684,https://sellercentral.amazon.it/skucentral?mSku=8019227276435&condition=New
8019227278248,289.35,21,8684,https://sellercentral.amazon.it/skucentral?mSku=8019227278248&condition=New
8019227286120,225.00,9,8684,https://sellercentral.amazon.it/skucentral?mSku=8019227286120&condition=New
8019227286137,234.90,44,8684,https://sellercentral.amazon.it/skucentral?mSku=8019227286137&condition=New
8019227290837,167.25,60,8684,https://sellercentral.amazon.it/skucentral?mSku=8019227290837&condition=New
8019227291001,234.90,21,8684,https://sellercentral.amazon.it/skucentral?mSku=8019227291001&condition=New
8019227297973,224.45,100,8684,https://sellercentral.amazon.it/skucentral?mSku=8019227297973&condition=New
8019227314311,100.55,43,19098,https://sellercentral.amazon.it/skucentral?mSku=8019227314311&condition=New
8019227325522,143.45,32,8684,https://sellercentral.amazon.it/skucentral?mSku=8019227325522&condition=New
8019227325911,127.50,100,8684,https://sellercentral.amazon.it/skucentral?mSku=8019227325911&condition=New
8019227327564,140.70,41,8684,https://sellercentral.amazon.it/skucentral?mSku=8019227327564&condition=New
8019227328738,350.95,41,8684,https://sellercentral.amazon.it/skucentral?mSku=8019227328738&condition=New
8019227343236,248.10,61,8684,https://sellercentral.amazon.it/skucentral?mSku=8019227343236&condition=New
8019227364408,125.85,26,8684,https://sellercentral.amazon.it/skucentral?mSku=8019227364408&condition=New
8714692273315,64.25,39,8684,https://sellercentral.amazon.it/skucentral?mSku=8714692273315&condition=New
8714692277818,60.40,25,8684,https://sellercentral.amazon.it/skucentral?mSku=8714692277818&condition=New
8714692338359,73.60,90,8684,https://sellercentral.amazon.it/skucentral?mSku=8714692338359&condition=New
8714692361289,101.65,20,8684,https://sellercentral.amazon.it/skucentral?mSku=8714692361289&condition=New
8714692361326,96.70,17,8684,https://sellercentral.amazon.it/skucentral?mSku=8714692361326&condition=New
8714692361333,100.00,52,8684,https://sellercentral.amazon.it/skucentral?mSku=8714692361333&condition=New
8714692361388,75.25,68,8684,https://sellercentral.amazon.it/skucentral?mSku=8714692361388&condition=New
8714692361401,95.60,58,8684,https://sellercentral.amazon.it/skucentral?mSku=8714692361401&condition=New
8714692361418,87.90,27,8684,https://sellercentral.amazon.it/skucentral?mSku=8714692361418&condition=New
8714692361425,105.50,16,8684,https://sellercentral.amazon.it/skucentral?mSku=8714692361425&condition=New
8714692361432,91.20,33,8684,https://sellercentral.amazon.it/skucentral?mSku=8714692361432&condition=New
8714692361470,109.35,6,8684,https://sellercentral.amazon.it/skucentral?mSku=8714692361470&condition=New
8714692361487,114.30,43,8684,https://sellercentral.amazon.it/skucentral?mSku=8714692361487&condition=New
8714692361500,100.55,71,8684,https://sellercentral.amazon.it/skucentral?mSku=8714692361500&condition=New
8714692361517,104.40,36,8684,https://sellercentral.amazon.it/skucentral?mSku=8714692361517&condition=New
8714692800818,67.83,58,8684,https://sellercentral.amazon.it/skucentral?mSku=8714692800818&condition=New
8808563266503,98.35,33,8684,https://sellercentral.amazon.it/skucentral?mSku=8808563266503&condition=New
8808563285351,104.18,29,8684,https://sellercentral.amazon.it/skucentral?mSku=8808563285351&condition=New
8808563297453,115.40,40,8684,https://sellercentral.amazon.it/skucentral?mSku=8808563297453&condition=New
8808563340173,111.00,40,8684,https://sellercentral.amazon.it/skucentral?mSku=8808563340173&condition=New
8808563340371,106.05,20,8684,https://sellercentral.amazon.it/skucentral?mSku=8808563340371&condition=New
8808563340388,109.35,32,8684,https://sellercentral.amazon.it/skucentral?mSku=8808563340388&condition=New
8808563359519,133.55,100,8684,https://sellercentral.amazon.it/skucentral?mSku=8808563359519&condition=New
8808563359526,110.45,60,8684,https://sellercentral.amazon.it/skucentral?mSku=8808563359526&condition=New
8808563367460,71.40,53,8684,https://sellercentral.amazon.it/skucentral?mSku=8808563367460&condition=New
8808563367484,85.15,42,8684,https://sellercentral.amazon.it/skucentral?mSku=8808563367484&condition=New
8808563372068,113.20,19,8684,https://sellercentral.amazon.it/skucentral?mSku=8808563372068&condition=New
8808563373010,115.40,24,8684,https://sellercentral.amazon.it/skucentral?mSku=8808563373010&condition=New
8808563375274,112.65,38,8684,https://sellercentral.amazon.it/skucentral?mSku=8808563375274&condition=New
8808563377940,72.50,48,8684,https://sellercentral.amazon.it/skucentral?mSku=8808563377940&condition=New
8808563382975,114.30,14,8684,https://sellercentral.amazon.it/skucentral?mSku=8808563382975&condition=New
8808563383033,149.10,21,8684,https://sellercentral.amazon.it/skucentral?mSku=8808563383033&condition=New
8808563399706,112.10,25,8684,https://sellercentral.amazon.it/skucentral?mSku=8808563399706&condition=New
8808563411330,67.55,100,8684,https://sellercentral.amazon.it/skucentral?mSku=8808563411330&condition=New
8808563411378,68.38,71,8684,https://sellercentral.amazon.it/skucentral?mSku=8808563411378&condition=New
8808563411552,75.25,28,8684,https://sellercentral.amazon.it/skucentral?mSku=8808563411552&condition=New
8808563411767,73.60,7,8684,https://sellercentral.amazon.it/skucentral?mSku=8808563411767&condition=New
8808563411927,95.60,15,8684,https://sellercentral.amazon.it/skucentral?mSku=8808563411927&condition=New
8808563413655,65.90,51,8684,https://sellercentral.amazon.it/skucentral?mSku=8808563413655&condition=New
8808563413938,91.75,19,8684,https://sellercentral.amazon.it/skucentral?mSku=8808563413938&condition=New
8808563413952,73.60,21,100893,https://sellercentral.amazon.it/skucentral?mSku=8808563413952&condition=New
8808563433493,72.50,32,8684,https://sellercentral.amazon.it/skucentral?mSku=8808563433493&condition=New
8808563451800,81.85,19,8684,https://sellercentral.amazon.it/skucentral?mSku=8808563451800&condition=New
8808563451862,112.10,46,8684,https://sellercentral.amazon.it/skucentral?mSku=8808563451862&condition=New
8808563453507,118.15,38,8684,https://sellercentral.amazon.it/skucentral?mSku=8808563453507&condition=New
8808563466606,73.05,20,8684,https://sellercentral.amazon.it/skucentral?mSku=8808563466606&condition=New
8808563467344,111.00,8,8684,https://sellercentral.amazon.it/skucentral?mSku=8808563467344&condition=New
8808563471792,104.40,35,8684,https://sellercentral.amazon.it/skucentral?mSku=8808563471792&condition=New
8808563507194,122.00,14,8684,https://sellercentral.amazon.it/skucentral?mSku=8808563507194&condition=New
8808563521800,152.80,0,8684,https://sellercentral.amazon.it/skucentral?mSku=8808563521800&condition=New
8808563541235,124.20,27,8684,https://sellercentral.amazon.it/skucentral?mSku=8808563541235&condition=New
8808563546902,135.75,8,8684,https://sellercentral.amazon.it/skucentral?mSku=8808563546902&condition=New
8808563565798,159.00,20,8684,https://sellercentral.amazon.it/skucentral?mSku=8808563565798&condition=New
8808563567372,218.40,32,8684,https://sellercentral.amazon.it/skucentral?mSku=8808563567372&condition=New
8808563574776,95.60,48,8684,https://sellercentral.amazon.it/skucentral?mSku=8808563574776&condition=New
8808563575278,129.70,20,8684,https://sellercentral.amazon.it/skucentral?mSku=8808563575278&condition=New
8808563575285,147.30,0,8684,https://sellercentral.amazon.it/skucentral?mSku=8808563575285&condition=New
8808563575292,148.55,45,8684,https://sellercentral.amazon.it/skucentral?mSku=8808563575292&condition=New
8808563575360,142.90,6,8684,https://sellercentral.amazon.it/skucentral?mSku=8808563575360&condition=New
8808563575377,116.50,11,8684,https://sellercentral.amazon.it/skucentral?mSku=8808563575377&condition=New
8808563575391,110.45,14,8684,https://sellercentral.amazon.it/skucentral?mSku=8808563575391&condition=New
8808563575469,118.70,5,8684,https://sellercentral.amazon.it/skucentral?mSku=8808563575469&condition=New
8808563575490,126.40,24,8684,https://sellercentral.amazon.it/skucentral?mSku=8808563575490&condition=New
8808563590417,81.30,71,8684,https://sellercentral.amazon.it/skucentral?mSku=8808563590417&condition=New
8808563590592,73.05,30,8684,https://sellercentral.amazon.it/skucentral?mSku=8808563590592&condition=New
8808563590622,74.15,71,8684,https://sellercentral.amazon.it/skucentral?mSku=8808563590622&condition=New
8808563590646,90.65,54,8684,https://sellercentral.amazon.it/skucentral?mSku=8808563590646&condition=New
8808563590691,70.85,94,8684,https://sellercentral.amazon.it/skucentral?mSku=8808563590691&condition=New
8808563590707,70.85,100,8684,https://sellercentral.amazon.it/skucentral?mSku=8808563590707&condition=New
8808563590714,72.50,43,8684,https://sellercentral.amazon.it/skucentral?mSku=8808563590714&condition=New
8808563591100,138.50,10,8684,https://sellercentral.amazon.it/skucentral?mSku=8808563591100&condition=New
8808563596174,108.25,25,8684,https://sellercentral.amazon.it/skucentral?mSku=8808563596174&condition=New
8808563596426,116.50,38,8684,https://sellercentral.amazon.it/skucentral?mSku=8808563596426&condition=New
8808563615080,149.10,41,8684,https://sellercentral.amazon.it/skucentral?mSku=8808563615080&condition=New
8808563615141,129.70,75,8684,https://sellercentral.amazon.it/skucentral?mSku=8808563615141&condition=New
8808563615219,131.90,57,8684,https://sellercentral.amazon.it/skucentral?mSku=8808563615219&condition=New
8808563615226,126.40,38,8684,https://sellercentral.amazon.it/skucentral?mSku=8808563615226&condition=New
8808563615905,91.75,88,8684,https://sellercentral.amazon.it/skucentral?mSku=8808563615905&condition=New
8808956252106,63.70,47,8684,https://sellercentral.amazon.it/skucentral?mSku=8808956252106&condition=New
