ean,scelto,titolo_scelto,scartato,titolo_scartato
"3528707976925","B0C578C67N","MICHELIN 285/35 R21 108Y P.SPORT 4 S XL MO1(MERCEDES)","B0C82FBYN2","Hl285/35Zr21 Michelin Tl Ps4 S Mo1 Xl (Eu)108Y"
"4019238624847","B00V8KN5QC","Continental ContiSportContact 5P - 325/35 R22 110Y - E/A/74dB - Pneumatico estivo","B079HXXVZ1","Pneumatici Estivi Continental Csc5P Mo 325/35 R22 110Y"
"4019238624847","B00V8KN5QC","Continental ContiSportContact 5P - 325/35 R22 110Y - E/A/74dB - Pneumatico estivo","B01MUTJN27","CONTINENTAL 325/35 R22 110Y Estivo Auto"
"8019227241327","B00D03YCR6","Pirelli Winter Sottozero 3 XL FSL M+S - 265/30R20 94W - Pneumatico Invernale","B07F7KNK9M","Pirelli Winter Sottozero 3 XL FSL M+S – 265/30R20 94W – Pneumatici invernali"
"8019227251623","B06XY322BX","PNEUMATICO ESTIVO PIRELLI - 305/30 ZR20 TL 99Y PI P-ZERO (J)","B07BGHJ26R","Pneumatici Estivi Pirelli Pzero 305/30 R20 99Y"
"8019227256024","B01LIB1BG6","Pirelli P Zero - 305/30/R20 103Y - C/A/71 - Pneumatico Estivos","B07F2R3GLS","GOMME PNEUMATICI P-ZERO PZ4 S.C. (L) XL 305/30 R20 103Y PIRELLI"
"4019238003772","B07FK1VW4P","Continental WinterContact TS 860 S XL FR M+S - 245/35R21 96W - Pneumatico Invernale","B07FMKFQJX","CONTINENTAL 245/35 R21 96W Invernale XL Auto"
"4019238093551","B0CB1WSDGB","CONTINENTAL - WinterContact TS 870 P - 285/35 R 22-106V/C/B/74dB - Pneumatico invernale","B0BRCJLZK6","285/35Vr22 Conti Tl Ts-870 P Fr Xl 106V"
"3528703296362","B0C813YN6B","245/40Yr21 Michelin Tl Ps S 5 (Eu) 96Y","B0C6B6L18W","MICHELIN 245/40 R21 96Y Estivo Auto"
"8019227214819","B0080AWC1M","Pirelli PZERO XL TL - 325/25/R21 102Y - F/A/75dB - Pneumatico Estivo","B071HCLB81","Pneumatico Eté Pirelli P Zero 325/25 R21 102 Y"
"4019238078787","B0C2QS99W3","CONTINENTAL - SportContact 7-285/35 ZR 22-106Y/C/A/73dB - Pneumatico estivo","B0C79772PR","285/35Zr22 Conti Tl Sc-7 Fr Xl 106Y"
"4019238651676","B00LNDXCX0","Continental CrossContact LX Sport XL FR M+S - 275/40R22 108Y - Pneumatico Estivo","B06XXMXD6D","PNEUMATICO ESTIVO CONTINENTAL - 275/40 YR22 TL 108Y CO CROSSCONT LX XL SILENT"
"4019238651676","B00LNDXCX0","Continental CrossContact LX Sport XL FR M+S - 275/40R22 108Y - Pneumatico Estivo","B00LNDXCKI","Continental CrossContact LX Sport XL FR M+S - 275/40R22 108Y - Pneumatico Estivo"
"4019238651676","B00LNDXCX0","Continental CrossContact LX Sport XL FR M+S - 275/40R22 108Y - Pneumatico Estivo","B07BGYCVLQ","Pneumatici Estivi Continental Crc.Lx Sp. 275/40 R22 108Y"
"4019238754070","B01LXP6XIV","Continental SportContact 6 XL FR - 295/35R23 108Y - Pneumatico Estivo","B06XXHZ3LH","PNEUMATICO ESTIVO CONTINENTAL - 295/35 ZR23 TL 108Y CO SPORT CONTACT 6"
"3528704407088","B073RDMMN1","Pneumatico Estate Michelin PILOT SPORT 3 285/35ZR20 (104Y) XL","B00J3I1MW0","Michelin PS3 MO XL 285/35/R20 104 Y - Pneumatico Estivo - A/E/72"
"3528709643498","B00HSM43ZQ","Michelin LATITUDE SPORT 3 XL 315/35/R20 110 W - Pneumatico All Season - A/C/70","B06XKJCM1C","GOMME PNEUMATICI LATITUDE SPORT 3 XL 315/35 R20 110W MICHELIN"
"8019227205954","B0077I08MI","Pirelli P Zero - 305/30/R20 103Y - E/A/74 - Pneumatico Estivos","B07F7S42LZ","1x Pirelli P Zero 305/30R20 103Y N0 XL"
"4019238591163","B009B5ZK8W","Continental CrossContact Winter XL FR M+S - 275/45R21 110V - Pneumatico Invernale","B06XFCG559","CONTINENTAL 275/45 R21 110V Invernale XL Fuoristrada"
"8019227271089","B01MAXYYPY","Pirelli Scorpion Winter FSL M+S - 275/45R21 107V - Pneumatico Invernale","B07G1CKZ7X","Pirelli Scorpion Winter FSL M+S – 275/45R21 107V – Pneumatici invernali"
"8019227217995","B008JPY87O","Pirelli Scorpion Winter XL FSL M+S - 265/45R20 108V - Pneumatico Invernale","B075C962XP","PNEUMATICO INVERNALE PIRELLI - 265/45 R20 108V SC. WINTER MO XL M+S"
"8019227231526","B076YZF3M3","Pneumatici Estivi Pirelli Pzero 295/35 R20 105Y","B00CTFWRDW","Pirelli P Zero XL FSL - 295/35R20 105Y - Pneumatico Estivo"
"8019227231526","B076YZF3M3","Pneumatici Estivi Pirelli Pzero 295/35 R20 105Y","B06XXHWVFQ","PNEUMATICO ESTIVO PIRELLI - 295/35 ZR 20 PZERO(N1) XL(105Y)"
"3528704334605","B00HSM3L9A","Michelin LATITUDE SPORT 3 N1 XL 295/35/R21 107 Y - Pneumatico All Season - A/C/72","B072N2Z3Z2","GOMME PNEUMATICI LATITUDE SPORT 3 (N1) XL 295/35 R21 107Y MICHELIN"
"8019227173796","B0043QUIG8","Pirelli P Zero - 305/30/R19 102Y - F/A/74 - Pneumatico Estivos","B06XW2P5CW","GOMME PNEUMATICI PZERO (N2) XL 305/30 R19 102Y PIRELLI"
"4019238058482","B0C4XRJSB7","Pneumatici 275/40 r21 107Y RFT * Continental PremiumContact 6 Gomme estive nuove","B07J35VZS5","Continental PremiumContact 6 XL RFT *(BMW) - 275/40/R21 107Y - E/C/73dB - Pneumatici Estivi (SUV e Fuoristrada)"
"8019227263435","B07D9Q6FQ8","Pneumatici Estivi Pirelli Pzero N0 285/40 R21 109Y","B07BGGQYWJ","PIRELLI 285/40 ZR21 109Y Estivo XL Fuoristrada"
"8019227263435","B07D9Q6FQ8","Pneumatici Estivi Pirelli Pzero N0 285/40 R21 109Y","B077KZWYM7","PNEUMATICI GOMME ESTIVE PIRELLI PZERO 285/40ZR21 (109Y) TL XL N0"
"4019238075915","B0CBCMH4RH","CONTINENTAL - SportContact 7-285/40 ZR 20-108Y/C/A/73dB - Pneumatico estivo","B0C82CX936","285/40Zr20 Conti Tl Sc-7 Fr Xl 108Y"
"8019227163926","B06XY1V26T","PNEUMATICO ESTIVO PIRELLI - 285/30 ZR 20 P ZERO XL (99Y)","B002C7X8H6","Pirelli P Zero XL FSL - 285/30R20 99Y - Pneumatico Estivo"
"8019227163926","B06XY1V26T","PNEUMATICO ESTIVO PIRELLI - 285/30 ZR 20 P ZERO XL (99Y)","B06XF8S76Y","PIRELLI 285/30 R20 99Y Estivo XL Auto"
"8019227220476","B00XNNOQHY","Pirelli Scorpion Verde All Season FSL M+S - 295/40R20 106V - Pneumatico Estivo","B06XW1V14L","GOMME PNEUMATICI SCORPION VERDE ALL SEASON (N0) 295/40 R20 106V PIRELLI"
"8019227220476","B00XNNOQHY","Pirelli Scorpion Verde All Season FSL M+S - 295/40R20 106V - Pneumatico Estivo","B07BGDCD48","Pneumatici Estivi Pirelli Sc-Verd N0 295/40 R20 106V"
"8019227256031","B01HRJG24E","Pirelli P-Zero XL FSL - 245/30R20 90Y - Pneumatico Estivo","B07DVSK3K8","Pneumatici Estivi Pirelli Pzero 245/30 R20 90Y"
"3528702885437","B01CD7I9PA","Michelin PRIMACY 3 ZP * MOE XL 275/35/R19 100 Y - Pneumatico Estivo - A/C/71","B06XVLH6ZF","GOMME PNEUMATICI PRIMACY 3 (*)(MOE) XL RUN FLAT 275/35 R19 100Y MICHELIN"
"8019227173789","B06XW5T3WF","GOMME PNEUMATICI PZERO (N2) XL 295/30 R19 100Y PIRELLI","B06XY2JQGJ","PNEUMATICO ESTIVO PIRELLI - 295/30 ZR 19 P ZERO N2 XL (100Y)"
"8019227173789","B06XW5T3WF","GOMME PNEUMATICI PZERO (N2) XL 295/30 R19 100Y PIRELLI","B003HF2WWY","Pirelli P Zero XL - 295/30R19 100Y - Pneumatico Estivo"
"3286342058412","B0BQ7GJSKK","Bridgestone TURANZA 6 ENLITEN - 315/35 R20 110Y XL - A/B/71 - Pneumatici estivi (per auto e SUV/4x4)","B0C59PTPKY","315/35Yr20 Bridgestone Tl Turanza 6 Xl 110Y"
"4019238780789","B07T829MC5","CONTINENTAL CONTICROSSCONTACT LX SPORT 275/40 R22 108Y XL M+S","B01LX31HK2","Continental CrossContact LX Sport XL FR M+S – 275/40R22 108Y – Pneumatici estivi"
"4019238780789","B07T829MC5","CONTINENTAL CONTICROSSCONTACT LX SPORT 275/40 R22 108Y XL M+S","B01MUR2B57","Continental CrossContact LX Sport XL FR M+S - 275/40R22 108Y - Pneumatico Estivo"
"8019227343236","B07PM1VLG5","Pneumatici Estivi 275/40 YR22 TL 108Y PI SCZERO A/S (LR) XL NCS PIRELLI","B07NDJTPTM","PIRELLI 275/40 R22 108Y Estivo XL Fuoristrada"
"8019227245097","B01L5AO2UC","Pirelli Scorpion Verde All Season XL FSL M+S - 275/40R22 108T - Pneumatico Estivo","B07BGBRZJJ","Pneumatici 4 stagioni Pirelli Sc Verd As 275/40 R22 108Y"
"4019238078923","B0BZQHGSP6","CONTINENTAL - SportContact 7-255/40 ZR 21-102Y/C/A/73dB - Pneumatico estivo","B0BYGZTQZ9","255/40Zr21 Conti Tl Sc-7 Fr Xl 102Y"
"4019238528091","B06XNMM13K","GOMME PNEUMATICI SPORTCONTACT 5 SUV (MO) XL 295/40 R21 111Y CONTINENTAL","B07BH1ZMC4","Pneumatici Estivi Continental Csc5 Mo 295/40 R21 111Y"
"3528704687527","B00IJROSKO","Michelin ALPIN PA4 N1 GRNX 255/45/R19 100 V - Pneumatico Estivo - C/C/71","B07CMCSQM7","1x Pneumatico MICHELIN PILOT ALPIN PA4 SYM (N1) 255/45 R19 100V"
"3528704687527","B00IJROSKO","Michelin ALPIN PA4 N1 GRNX 255/45/R19 100 V - Pneumatico Estivo - C/C/71","B075HY4Q94","PNEUMATICO INVERNALE MICHELIN - 255/45 VR19 TL 100V MI ALPIN PA4 N1"
"8019227236132","B00ARV2VHC","Pirelli P Zero XL FSL - 295/30R20 101Y - Pneumatico Estivo","B071XLT8Z5","GOMME PNEUMATICI PZERO (J) XL 295/30 R20 101Y PIRELLI"
"8019227239027","B00BW7AU1E","Pirelli P Zero - 285/30/R19 98Y - F/B/74 - Pneumatici tutte stagioni","B06XXZD47G","285/30ZR19 (98Y)XL P ZERO(MO)"
"3528700859911","B0BD14G39N","MICHELIN 265/45 R20 108Y CROSSCLIMATE 2 SUV XL","B0C814QMBS","Pneumatico All season Michelin CROSSCLIMATE 2 SUV 265/45R20 108Y XL"
"8019227220599","B01N19AHCK","GOMME PNEUMATICI PZERO (N0) 295/40 R20 106Y PIRELLI","B00SRH4DQA","Pirelli P Zero FSL - 295/40R20 106Y - Pneumatico Estivo"
"8019227242300","B016D7IAGE","Pirelli Scorpion Verde XL - 285/40R21 109Y - Pneumatico Estivo","B06XXMRK5N","PNEUMATICO ESTIVO PIRELLI - 285/40 R 21 109Y XL S-VERD"
"8019227286137","B077KZRSDC","Gomme Pirelli Pzero 265/40ZR21 (105Y) TL Estive per Auto","B07BR47K9H","PIRELLI 265/40 R21 105Y Estivo XL Fuoristrada"
"8019227291001","B06WP2612T","Pirelli P-Zero XL FSL - 245/35R21 96Y - Pneumatico Estivo","B07BGFZCNF","Pneumatici Estivi Pirelli Pzero Vol 245/35 R21 96Y"
"3528702427811","B06XY3V37X","PNEUMATICO ESTIVO MICHELIN - 285/30 ZR19 TL 98Y MI SUPER SPORT MO1","B01H39OF7O","Michelin SUPER SPORT MO XL 285/30/R 19 98 Y - Pneumatico Estivo - B/E/73"
"3528702427811","B06XY3V37X","PNEUMATICO ESTIVO MICHELIN - 285/30 ZR19 TL 98Y MI SUPER SPORT MO1","B07BGGYB59","Pneumatici Estivi Michelin Supersport 285/30 R19 98Y"
"8019227276435","B07BGDF9SQ","Pirelli P-Zero XL FSL - 255/35R21 98Y - Pneumatico Estivo","B079RL7PHZ","PIRELLI 255/35 R21 98Y Estivo XL Auto"
"8019227264920","B01ABRSL6G","Pirelli P Zero XL FSL - 265/45R20 108Y - Pneumatico Estivo","B06XXV65JJ","PNEUMATICO ESTIVO PIRELLI - 265/45 ZR20 TL 108Y PI PZERO XL"
"8019227264920","B01ABRSL6G","Pirelli P Zero XL FSL - 265/45R20 108Y - Pneumatico Estivo","B06Y2PMTB2","GOMME PNEUMATICI PZERO (MO) XL 265/45 R20 108Y PIRELLI"
"8019227271362","B0755X169M","PNEUMATICO INVERNALE PIRELLI - 275/40 R18 TL 103V WINTER SOTTOZERO3 M+S XL","B01N1X3CC0","Pirelli Winter Sottozero 3 XL M+S - 275/40R18 103V - Pneumatico Invernale"
"8019227207477","B008RLSIDK","Pirelli Cinturato P7 FSL - 275/40R18 99Y - Pneumatico Estivo","B07CVCD1V9","Pneumatici Estivi Pirelli P7 Cint. 275/40 R18 99Y"
"8019227207477","B008RLSIDK","Pirelli Cinturato P7 FSL - 275/40R18 99Y - Pneumatico Estivo","B01N5XM7VH","GOMME PNEUMATICI P7 CINTURATO (*) RUN FLAT 275/40 R18 99Y PIRELLI"
"8019227215298","B008RLSEWA","Pirelli P Zero XL FSL - 265/30R20 94Y - Pneumatico Estivo","B06Y2NR71S","GOMME PNEUMATICI PZERO (RO1) XL 265/30 R20 94Y PIRELLI"
"8019227215298","B008RLSEWA","Pirelli P Zero XL FSL - 265/30R20 94Y - Pneumatico Estivo","B06XXMXDL1","PIRELLI 265/30 ZR20 94Y Estivo XL Auto"
"8019227286120","B07BGGBX47","Pneumatici Estivi Pirelli Pzero Mo1 295/35 R21 107Y","B077KYKDFX","PIRELLI 295/35 R21 107Y Estivo XL Fuoristrada"
"4019238078817","B0CDHFRR9V","CONTINENTAL - SportContact 7-255/45 ZR 20-105Y/C/A/73dB - Pneumatico estivo","B0BZ5BBMNW","255/45Zr20 Conti Tl Sc-7 Fr Xl 105Y"
"8019227255027","B06XW181WR","GOMME PNEUMATICI SCORPION VERDE ECO XL 275/40 R21 107Y PIRELLI","B00YSJ13CI","Pirelli Scorpion Verde XL FSL - 275/40R21 107Y - Pneumatico Estivo"
"8019227220575","B00SRH4FGS","Pirelli P Zero FSL - 295/35R21 103Y - Pneumatico Estivo","B072M5HX11","GOMME PNEUMATICI PZERO (N0) 295/35 R21 103Y PIRELLI"
"8019227187601","B008RM72KY","Pirelli P Zero 255/30R20 92Y Pneumatico Estivos","B079DQY6LK","Pirelli Pzero 255/30R 20 92Y - Pneumatici Estivi"
"8019227232325","B0132Y1F5E","Pirelli Scorpion Verde XL FSL - 285/45R20 112Y - Pneumatico Estivo","B06Y51HHBP","GOMME PNEUMATICI SCORPION VERDE (AO) XL 285/45 R20 112Y PIRELLI"
"8019227247909","B01B2O3UF4","Pirelli Cinturato P7 runflat ( 275/40 R18 99Y runflat, *, MOE, ECOIMPACT )","B01NA022XY","GOMME PNEUMATICI P7 CINTURATO (*) (MOE) RUN FLAT 275/40 R18 99Y PIRELLI"
"8019227247909","B01B2O3UF4","Pirelli Cinturato P7 runflat ( 275/40 R18 99Y runflat, *, MOE, ECOIMPACT )","B0734XM41H","PIRELLI 275/40 R18 99Y Estivo Runflat Auto"
"8019227247909","B01B2O3UF4","Pirelli Cinturato P7 runflat ( 275/40 R18 99Y runflat, *, MOE, ECOIMPACT )","B07Z8WH4JT","Pirelli Cinturato P7* MOE RFT 275/40/R18 99 Y - Pneumatico Estivo - A/C/70"
"8019227263411","B073NCXW7V","Pirelli P Zero XL FSL - 275/45R20 110Y - Pneumatico Estivo","B07GLSFK4C","1x Pneumatico PIRELLI PZERO (N0) 275/45 R20 110Y"
"3528707073716","B0C814K1F9","Pneumatico All season Michelin CROSSCLIMATE 2 SUV 275/40R20 106Y XL","B0BH8MKT4W","MICHELIN 275/40 R20 106Y CROSSCLIMATE 2 SUV XL"
"8019227192902","B0077I0BEI","Pirelli P Zero FSL - 245/35R20 91Y - Pneumatico Estivo","B06XB3Z9HS","GOMME PNEUMATICI PZERO (N0) 245/35 R20 91Y PIRELLI"
"8019227256956","B00V8KS332","Pirelli Winter Sottozero 3 FSL M+S - 245/45R19 98W - Pneumatico Invernale","B076M1D1RG","PNEUMATICO INVERNALE PIRELLI - 245/45 R19 TL 98W WINTER SOTTOZERO3 M+S"
"4019238665109","B07BJ64N5K","CONTINENTAL - 245/35 R21 TL 96W CONTISPORTCONTACT 5 XL – Pneumatici estivi","B00LNDWJZC","CONTINENTAL 245/35 R21 96W Estivo XL Auto"
"4019238665109","B07BJ64N5K","CONTINENTAL - 245/35 R21 TL 96W CONTISPORTCONTACT 5 XL – Pneumatici estivi","B00LNDWK3I","Continental SC-5 CSi XL 245/35/R21 96 W - Pneumatico Estivo - A/E/72"
"4019238665109","B07BJ64N5K","CONTINENTAL - 245/35 R21 TL 96W CONTISPORTCONTACT 5 XL – Pneumatici estivi","B06XXNL25H","PNEUMATICO ESTIVO CONTINENTAL - 245/35 R 21 96W XL CONTISPORTCONTACT 5 CONTISILENT"
"8019227157420","B01NB1960Q","GOMME PNEUMATICI PZERO ROSSO (MO) 265/45 R20 104Y PIRELLI","B002C81ARU","Pirelli P Zero Rosso Asimm. FSL - 265/45R20 104Y - Pneumatico Estivo"
"4019238092769","B0BR5FWHG2","CONTINENTAL - SportContact 7-295/35 ZR 21-103Y/B/A/74dB - Pneumatico estivo","B0C7LLJ6MM","295/35Zr21 Conti Tl Sc-7 Mgt Fr (Eu)103Y"
"3528708770843","B01BWOQXT4","Michelin SUPER SPORT* XL 245/35/R19 93 Y - Pneumatico Estivo - B/E/71","B06XF8GNSC","Pneumatico Estate Michelin PILOT SUPER SPORT 245/35ZR19 (93Y) XL"
"8019227272291","B07H8KNRP4","Pirelli Scorpion A/T+ M+S - 275/55R20 113T - Pneumatici per tutte le stagioni","B077L4P42S","PIRELLI 275/55 R20 113T 4 Stagioni Fuoristrada"
"8019227182538","B002C838J8","Pirelli Scorpion Zero Asimm. XL M+S - 255/45R20 105V - Pneumatico Estivo","B06XZJ61G3","GOMME PNEUMATICI SCORPION ZERO ASIMMETRICO M+S XL 255/45 R20 105V PIRELLI"
"5452000469298","B01GE32UJA","Dunlop Winter Sport 5 SUV XL 275/40/R20 106 V - Neve Tire - B/C/69","B07G1CQ76L","DUNLOP - 275/40 R20 TL 106 V WINTER SPORT 5 SUV XL MFS M+S 3PMSF – Pneumatici invernali"
"8019227178050","B0043QT1EI","Pirelli Scorpion Zero XL FSL M+S - 255/50R20 109Y - Pneumatico Estivo","B06XW18TH4","GOMME PNEUMATICI SCORPION ZERO M+S XL 255/50 R20 109Y PIRELLI"
"4019238804492","B075ZB658Q","Continental WinterContact TS 860 S XL FR M+S - 225/60R18 104H - Pneumatico Invernale","B06XZHYMTK","CONTINENTAL 225/60 R18 104H Invernale XL Runflat Fuoristrada"
"4019238804492","B075ZB658Q","Continental WinterContact TS 860 S XL FR M+S - 225/60R18 104H - Pneumatico Invernale","B0777MBW1D","Continental WinterContact TS 860 S XL FR M+S – 225/60R18 104H – Pneumatici invernali"
"8019227190687","B01N5XMXDK","GOMME PNEUMATICI PZERO (R01) XL 295/35 R21 107Y PIRELLI","B0043QSL1M","Pirelli P Zero XL FSL - 295/35R21 107Y - Pneumatico Estivo"
"8019227190687","B01N5XMXDK","GOMME PNEUMATICI PZERO (R01) XL 295/35 R21 107Y PIRELLI","B07BGBYGJ4","Pneumatici Estivi Pirelli Pzero R01 295/35 R21 107Y"
"8019227203202","B01N6ZATUK","GOMME PNEUMATICI PZERO (MO) XL 275/30 R19 96Y PIRELLI","B004DDG1PS","PIRELLI 275/30 R19 96Y Estivo XL Auto"
"8019227203202","B01N6ZATUK","GOMME PNEUMATICI PZERO (MO) XL 275/30 R19 96Y PIRELLI","B00QAS7NE2","PNEUMATICO ESTIVO PIRELLI - 275/30 YR19 TL 96Y PI PZERO MO XL"
"8019227263213","B076YZ7GJC","Pneumatici Estivi Pirelli Pzero Moe 245/40 R20 99Y","B06Y2NFTYR","GOMME PNEUMATICI PZERO (MOE) XL RUN FLAT 245/40 R20 99Y PIRELLI"
"8019227263213","B076YZ7GJC","Pneumatici Estivi Pirelli Pzero Moe 245/40 R20 99Y","B01CBDK8M8","Pirelli P Zero XL FSL - 245/40R20 99Y - Pneumatico Estivo"
"8019227263824","B071SF4GHT","PNEUMATICO ESTIVO PIRELLI - 255/45 WR20 TL 101W PI SCORPION VERDE (AO)","B01MCXQX9H","Pirelli Scorpion Verde FSL - 255/45R20 101W - Pneumatico Estivo"
"4038526069344","B0CDLHDM98","255/40Vr19 Goodyear Tl Ug Performance 3 Fp Xl 100V","B0C9LZ9266","GOODYEAR 255/40 R19 100V Invernale XL Auto"
"8019227250176","B01ABRMDRE","Pirelli P-Zero FSL - 235/35R20 88Y - Pneumatico Estivo","B07F7FNR2R","PIRELLI 235/35 R20 88Y Estivo Auto"
"8019227250176","B01ABRMDRE","Pirelli P-Zero FSL - 235/35R20 88Y - Pneumatico Estivo","B076YX7519","1x Pneumatico PIRELLI P-ZERO (SPORTS CAR) (N1) 235/35 R20 88Y"
"8019227254433","B01HRJFL0K","Pirelli P-Zero - 245/45R19 98Y - Pneumatico Estivo","B07G18XBR7","PIRELLI 245/45 R19 98Y Estivo Runflat Auto"
"8019227174823","B0043QT4OA","Pirelli Scorpion Zero Asimm. XL FSL M+S - 275/45R20 110H - Pneumatico Estivo","B06XW15N9T","GOMME PNEUMATICI SCORPION ZERO ASIMMETRICO M+S 275/45 R20 110H PIRELLI"
"8019227174823","B0043QT4OA","Pirelli Scorpion Zero Asimm. XL FSL M+S - 275/45R20 110H - Pneumatico Estivo","B06XXMTZCF","PNEUMATICO ESTIVO PIRELLI - 275/45 R 20 SCO.ZERO XL 110H"
"8019227274264","B01M58COGE","Pirelli Winter SottoZero 3 235/40R19 96V Pneumatico invernales","B075SDXWW9","PNEUMATICO INVERNALE PIRELLI - 235/40R19 96V XL WINTER SOTTOZERO 3 M+S"
"8019227229783","B06XVZBMZF","PIRELLI 255/50 R19 S.VE.ALLSE XL(*) RFT 107H ALLSEASON CB73 Cod:28144","B07DP2Q39X","KIT 4 PZ PNEUMATICI GOMME PIRELLI SCORPION VERDE AS 255/50R19 107H TL 4 STAGIONI"
"8019227229783","B06XVZBMZF","PIRELLI 255/50 R19 S.VE.ALLSE XL(*) RFT 107H ALLSEASON CB73 Cod:28144","B00LNG1KYA","Pirelli Scorpion Verde All Season XL FSL M+S - 255/50R19 107H - Pneumatico Estivo"
"8019227229783","B06XVZBMZF","PIRELLI 255/50 R19 S.VE.ALLSE XL(*) RFT 107H ALLSEASON CB73 Cod:28144","B082QVL5P9","Pneumatici 255/50 r19 107H RFT * BMW FR M+S XL PIRELLI SCORPION VERDE ALL SEASON Gomma estiva nuova"
"8019227242812","B00SRH4XBK","Pirelli Winter Sottozero 3 XL FSL M+S - 235/45R19 99V - Pneumatico Invernale","B0755Y49BM","PNEUMATICO INVERNALE PIRELLI - 235/45 R 19 99V XL (MO) WINTER SOTTOZERO 3"
"8019227261325","B01CPNXBCI","Pirelli Scorpion Verde XL - 255/40R20 101V - Pneumatico Estivo","B06XBK5292","GOMME PNEUMATICI SCORPION VERDE ECO SEAL INSIDE XL 255/40 R20 101V PIRELLI"
"8019227195378","B07BJ6DHYD","Pneumatici 4 stagioni Pirelli Sc.Verde 245/45 R20 99V","B072M5JGD9","GOMME PNEUMATICI SCORPION VERDE ALL SEASON (LR) 245/45 R20 99V PIRELLI"
"8019227195378","B07BJ6DHYD","Pneumatici 4 stagioni Pirelli Sc.Verde 245/45 R20 99V","B008JQ24GK","Pirelli Scorpion Verde All Season FSL M+S - 245/45R20 99V - Pneumatico Estivo"
"3286342057217","B0BTDVS7ZL","255/45Wr20 Bridgestone Tl Turanza 6 Xl 105W","B0BTHJGYKF","Bridgestone TURANZA 6 ENLITEN - 255/45 R20 105W XL - A/B/71 - Pneumatici estivi (per auto e SUV/4x4)"
"8019227230871","B0755Y2R5Q","PNEUMATICO INVERNALE PIRELLI - 265/60 R18 TL 114H SCORPION WINTER M+S XL","B00CY7NQD0","Pirelli Scorpion Winter XL FSL M+S - 265/60R18 114H - Pneumatico Invernale"
"4019238013429","B07D471JH3","CONTINENTAL 255/40 R20 101Y Estivo XL Auto","B07D9NZY11","Pneumatici Estivi Continental Csc5P Mo 255/40 R20 101Y"
"8019227214673","B00IZRZXO8","Pirelli P Zero FSL - 275/35R18 95Y - Pneumatico Estivo","B071VZK6KP","PIRELLI 275/35 R18 95Y Estivo Runflat Auto"
"3528705464769","B06XY4J6NW","PNEUMATICO ESTIVO MICHELIN - 225/35 ZR19 TL 88Y MI SPORT 4 S XL","B01NAP5ON4","Michelin PS4 S XL 225/35/R 19 88 Y - Pneumatico Estivo - A/E/71"
"4019238557367","B06XY3WX4S","PNEUMATICO ESTIVO CONTINENTAL - 225/40 YR19 TL 93Y CO CSC 5 MO XL FR SSR","B07G8TSMXP","CONTINENTAL 225/40 R19 93Y Estivo XL Runflat Auto"
"4019238557367","B06XY3WX4S","PNEUMATICO ESTIVO CONTINENTAL - 225/40 YR19 TL 93Y CO CSC 5 MO XL FR SSR","B00CJFZGM6","Continental SportContact 5 XL FR - 225/40R19 93Y - Pneumatico Estivo"
"3528706263095","B07BGH337L","Pneumatici Estivi Michelin P.Sport 4S 255/35 R19 96Y","B01N1YBD4Q","Michelin PS4 S XL 255/35/R 19 96 Y - Pneumatico Estivo - A/C/71"
"8019227263756","B01N6SQER3","Pirelli P-Zero XL - 245/35R19 93Y - Pneumatico Estivo","B07G1CKT6K","GOMME PNEUMATICI P-ZERO PZ4 S.C. (AO) XL 245/35 R19 93Y PIRELLI"
"4019238566499","B008JQOKDU","Continental VancoWinter 2 M+S - 235/65R16 118R - Pneumatico Invernale","B0BW4RZ9M9","CONTINENTAL 235/65R16C TL VANCO WINTER 2 (EU 118R"
"3286342056913","B0BR5G6RRP","235/45Wr20 Bridgestone Tl Turanza 6 Xl 100W","B0BTHK4TYB","Bridgestone TURANZA 6 ENLITEN - 235/45 R20 100W XL - A/B/70 - Pneumatici estivi (per auto e SUV/4x4)"
"3528703867586","B01067IOH2","Michelin ALPIN PA4 ZP XL 225/45/R18 95 V - Pneumatico Estivo - C/E/70","B075C39PMM","PNEUMATICO INVERNALE MICHELIN - 225/45 R18 TL 95V PILOT ALPIN PA4 M+S XL"
"3528703867586","B01067IOH2","Michelin ALPIN PA4 ZP XL 225/45/R18 95 V - Pneumatico Estivo - C/E/70","B07G1CMQ9C","225/45R18 PIL.ALPIN PA4 ZP 95V XL MICH"
"4038526352828","B0C1GXQQBR","GOODYEAR 225/40 R19 93Y Estivo XL Auto","B0BGQ9KW88","225/40Yr19 Goodyear Tl F1 Asym 5 Mo Fp Sct Xl 93Y"
"8019227216615","B06XBKCP7P","GOMME PNEUMATICI PZERO (MGT) 245/45 R19 98Y PIRELLI","B00IYFLG3S","Pirelli P Zero FSL - 245/45R19 98Y - Pneumatico Estivo"
"8019227213713","B07QBKP6T6","Pirelli Cinturato P7 A/S runflat (245/50 R18 100V *, ECOIMPACT, runflat)","B08N2RG2B1","Pirelli Cinturato P7 RFT All SEASON 245/50/R18 100 V - Pneumatico Estivo - C/C/71"
"8019227213713","B07QBKP6T6","Pirelli Cinturato P7 A/S runflat (245/50 R18 100V *, ECOIMPACT, runflat)","B06XZ3G37X","GOMME PNEUMATICI P7 CINTURATO ALL SEASONS RUN FLAT 245/50 R18 100V PIRELLI"
"8019227241921","B071ZQJGKW","GOMME PNEUMATICI P7 CINTURATO SEAL INSIDE XL 235/40 R19 96W PIRELLI","B00SRH4TV4","Pirelli Cinturato P7 XL - 235/40R19 96W - Pneumatico Estivo"
"8019227241921","B071ZQJGKW","GOMME PNEUMATICI P7 CINTURATO SEAL INSIDE XL 235/40 R19 96W PIRELLI","B07BR7DTFQ","Pneumatici Estivi Pirelli Cint P7 235/40 R19 96W"
"8019227249446","B00VZNPQZU","Pirelli P Zero XL - 235/35R20 92Y - Pneumatico Estivo","B07BGFRTMJ","Pneumatici Estivi Pirelli Pzero J 235/35 R20 92Y"
"3528701514727","B06XW1BFQN","GOMME PNEUMATICI LATITUDE SPORT 3 (AO) 235/55 R19 101W MICHELIN","B01EZVMZVQ","Michelin LAT. SPORT 3 AO 235/55/R19 101 W - Pneumatico All Season - A/C/70"
"3528703933526","B00J3I3UZW","Michelin PRIMACY 3 ZP MOE 225/45/R18 95 Y - Pneumatico Estivo - A/C/71","B06XW1SS11","GOMME PNEUMATICI PRIMACY 3 (MOE) XL RUN FLAT 225/45 R18 95Y MICHELIN"
"8019227254600","B017BA63SY","Pirelli P Zero XL FSL - 245/45R19 102Y - Pneumatico Estivo","B076YYTH27","Pneumatici Estivi Pirelli Pzero 245/45 R19 102Y"
"3528701119977","B06XDWCBW9","GOMME PNEUMATICI PILOT SPORT 3 PS3 (AO) XL 255/35 R19 96Y MICHELIN","B003NECXJG","Michelin PS3 AO XL 255/35/R19 96 Y - Pneumatico Estivo - A/E/71"
"3528703458333","B0C8163SK7","225/55Vr19 Michelin Tl Crossclimate 2 Suv (Eu) 99 V","B0BD11JB1K","MICHELIN 225/55 R19 99V 4 Stagioni Fuoristrada"
"3528708845060","B0C812S9TD","225/65R16C Michelin Tl Agilis 3 (Eu)112T","B0BSH5YR1P","MICHELIN 225/65 R16 112/110T Estivo LCamion"
"8019227246766","B014G2MF96","Pirelli Winter Sottozero 3 M+S - 225/60R17 99H - Pneumatico Invernale","B075C776VB","PNEUMATICO INVERNALE PIRELLI - 225/60 R17 99 H SOTTOZERO3 * M+S"
"8019227266276","B07G31NHST","1x Pneumatico PIRELLI WINTER SOTTOZERO 3 (AO) 235/55 R18 104H","B07F8X5TYK","PIRELLI 235/55 R18 104H Invernale XL Auto"
"8019227272222","B077L8CNN6","PIRELLI 245/65 R17 111T SCORPION ALL TERRAIN PLUS XL","B07H3QWT9D","PIRELLI 245/65 R17 111T 4 Stagioni XL Fuoristrada"
"8019227202779","B01MUTJMNQ","GOMME PNEUMATICI PZERO (MO) XL 255/40 R18 99Y PIRELLI","B004DDJIW6","Pirelli P Zero XL FSL - 255/40R18 99Y - Pneumatico Estivo"
"8019227202779","B01MUTJMNQ","GOMME PNEUMATICI PZERO (MO) XL 255/40 R18 99Y PIRELLI","B00Q8UNXO6","Pneumatici Estivi Pirelli Pzero 255/40 R18 99Y"
"8019227290837","B07CZBWWV1","Pneumatici Estivi Pirelli Pzero Moe 255/35 R19 96Y","B07C3KSXXF","PIRELLI 255/35 R19 96Y Estivo XL Runflat Auto"
"8019227290837","B07CZBWWV1","Pneumatici Estivi Pirelli Pzero Moe 255/35 R19 96Y","B07D7LFGWD","Pirelli P-Zero XL FSL - 255/35R19 96Y - Pneumatico Estivo"
"4019238013504","B07MJVSV7R","CONTINENTAL 225/40 R19 93Y Estivo XL Auto","B01G68CDZO","Continental SC-5P MO FR XL 225/40/R19 93 Y - Pneumatico Estivo - B/F/72"
"4019238676426","B075PTYDM9","PNEUMATICO INVERNALE CONTINENTAL - 215/75 R16 TL 113R CO VANCONTACT WINTER","B01NC2RGZ6","CONTINENTAL 215/75 R16 113R Invernale LCamion"
"4019238676426","B075PTYDM9","PNEUMATICO INVERNALE CONTINENTAL - 215/75 R16 TL 113R CO VANCONTACT WINTER","B016D7TXQ0","Continental VanContact Winter M+S - 215/75R16 113R - Pneumatico Invernale"
"8019227248951","B00V8KUWG8","Pirelli Scorpion Verde All Season M+S - 235/55R19 101H - Pneumatico Estivo","B07G17HN4H","GOMME PNEUMATICI SCORPION VERDE ALL SEASON (MOE) RUN FLAT 235/55 R19 101H PIRELLI"
"8019227276398","B07FR7BQ67","Pirelli Winter Sottozero 3 FSL M+S - 225/60R17 99H - Pneumatico da neve","B07F886RRH","PIRELLI 225/60 R17 99H Invernale Auto"
"8019227250596","B06Y4Y7BZR","GOMME PNEUMATICI P7 CINTURATO SEAL INSIDE 245/40 R19 94W PIRELLI","B016D7IU6O","Pirelli Cinturato P7 FSL - 245/40R19 94W - Pneumatico Estivo"
"8019227250596","B06Y4Y7BZR","GOMME PNEUMATICI P7 CINTURATO SEAL INSIDE 245/40 R19 94W PIRELLI","B07BR7HYHB","Pneumatici Estivi Pirelli Cint P7 245/40 R19 94W"
"4019238744095","B01HRJG6V8","Continental WinterContact TS 830 P XL FR M+S - 225/50R17 98V - Pneumatico Invernale","B075HWP9ZT","PNEUMATICO INVERNALE CONTINENTAL - 225/50 VR17 TL 98V CO TS830P SSR"
"3286340811514","B01A7EVRRS","Bridgestone DUELER H/P SPORT - 235/55 R19 101V MOEXTENDED - D/B/70 - pneumatico estivo (per SUV)","B06XDZX79G","GOMME PNEUMATICI DUELER H/P SPORT (MOE) RUN FLAT 235/55 R19 101V BRIDGESTONE"
"8019227211948","B00ARSNRYG","Pirelli Scorpion Verde All Season XL FSL M+S - 235/65R19 109V - Pneumatico Estivo","B06XZK6MBB","GOMME PNEUMATICI SCORPION VERDE ALL SEASON (LR) XL 235/65 R19 109V PIRELLI"
"8019227246124","B01E3TGDAE","Pirelli Winter Sottozero 3 M+S - 225/55R17 97H - Pneumatico Invernale","B075C7JR52","PNEUMATICO INVERNALE PIRELLI - 225/55 R17 97 H SOTTOZERO3 RFT* M+S"
"3286340783316","B00W3O13YI","Bridgestone T001* RFT 225/50/R 18 95 W - Pneumatico Estivo - B/C/70","B076YYYMQM","Pneumatici Estivi Bridgestone T001 225/50 R18 95W"
"4019238680508","B071FGK7ZJ","PNEUMATICO ESTIVO CONTINENTAL - 255/35 R 20 97Y XL CONTISPORTCONTACT 5P","B01067LE42","Continental SportContact 5 P XL FR - 255/35R20 97Y - Pneumatico Estivo"
"8019227256338","B00VZNXCJM","Pirelli P Zero XL FSL - 255/35R20 97Y - Pneumatico Estivo","B071SF4BGF","255/35 ZR20 (97Y)XL P ZERO(MO)"
"8808563565798","B0CB1YKVSV","245/40Yr19 Hankook Tl K127B Rft Xl (Eu) 98Y","B0BRCJ78VZ","HANKOOK 245/40 R19 98Y VENTUS S1 EVO 3 K127B XL RFT"
"8019227252880","B06XVL2GFR","GOMME PNEUMATICI PZERO (J) XL 255/55 R19 111W PIRELLI","B01B7IWZV0","Pirelli P Zero XL - 255/55R19 111W - Pneumatico Estivo"
"8019227203196","B004DDG6WQ","Pirelli P Zero XL - 245/35R19 93Y - Pneumatico Estivo","B01N6ZATCG","GOMME PNEUMATICI PZERO (MO) XL 245/35 R19 93Y PIRELLI"
"4019238565997","B00CBXMQYW","Continental SportContact 5 XL FR - 245/40R18 97Y - Pneumatico Estivo","B06W9MY9GD","GOMME PNEUMATICI SPORTCONTACT 5 SSR RUN FLAT 245/40 R18 97Y CONTINENTAL"
"8019227242478","B00FCILFPE","Pirelli Winter Sottozero 3 XL M+S - 245/40R18 97V - Pneumatico Invernale","B075SB6PJ5","PNEUMATICO INVERNALE PIRELLI - 245/40 R18 97 V SOTTOZERO2 RFT XL M+S"
"5452000488084","B01AEJDZEO","Goodyear Eagle F1 Asymmetric 3 XL FP - 245/45R18 100Y - Pneumatico Estivo","B07CMCWK5Q","Pneumatici Estivi Goodyear F1 Asy 3 245/45 R18 100Y"
"5452000488084","B01AEJDZEO","Goodyear Eagle F1 Asymmetric 3 XL FP - 245/45R18 100Y - Pneumatico Estivo","B072JKN2KL","GOMME PNEUMATICI EAGLE F1 ASYMMETRIC 3 (*)(MOE) XL RUN FLAT 245/45 R18 100Y GOODYEAR"
"4019238597080","B00HSM1WRS","Continental SC-5P AO XL 255/35/R19 96 Y - Pneumatico Estivo - A/E/73","B072J8S1MC","CONTINENTAL 255/35 R19 96Y Estivo XL Auto"
"4019238787504","B01MCUZP8N","Continental SportContact 6 XL FR - 255/35R19 96Y - Pneumatico Estivo","B01N4WDFDB","CONTINENTAL 255/35 R19 96Y Estivo XL Auto"
"8019227246223","B016D7P5D0","Pirelli W 210 Snowcontrol 3 XL M+S - 195/55R17 92H - Pneumatico Invernale","B07F7J97WQ","PIRELLI 195/55 R17 92H Invernale XL Auto"
"8019227246223","B016D7P5D0","Pirelli W 210 Snowcontrol 3 XL M+S - 195/55R17 92H - Pneumatico Invernale","B07FK24MCM","1x Pneumatico PIRELLI WINTER 210 SNOWCONTROL SERIE II (*) 195/55 R17 92H"
"3286340936613","B07FYLR8GH","Bridgestone Blizzak LM-001 FSL M+S 225/45R18 91H - Pneumatico da neve","B077KW6KQZ","BRIDGESTONE 225/45 R18 91H Invernale Runflat Auto"
"3528707219077","B00IMDYHHO","Michelin PRIMACY 3 MO ZP 225/50/R17 94 W - Pneumatico Estivo - A/C/71","B06XW233GY","GOMME PNEUMATICI PRIMACY 3 (MOE) RUN FLAT 225/50 R17 94W MICHELIN"
"4019238786910","B06XSZQ5B6","Continental VanContact 4Season M+S - 215/65R16 109T - Pneumatico 4 stagioni","B07CMCQVHL","Pneumatici 4 stagioni Continental Vancont.4 215/65 R16 109T"
"4019238786910","B06XSZQ5B6","Continental VanContact 4Season M+S - 215/65R16 109T - Pneumatico 4 stagioni","B07F86CLK5","CONTINENTAL 215/65 R16 109T 4 Stagioni LCamion"
"8019227194197","B004868O7I","Pirelli Cinturato P7 FSL - 225/60R17 99V - Pneumatico Estivo","B06XBJ7FS4","GOMME PNEUMATICI P7 CINTURATO (*) 225/60 R17 99V PIRELLI"
"8019227271980","B074QWVGPQ","Pirelli Winter Sottozero 3 M+S - 205/55R17 91H - Pneumatico Invernale","B077G38NCP","PNEUMATICO INVERNALE PIRELLI - 205/55 R17 91H W SOTTOZERO 3 M+S"
"3286340991414","B07NTPHG8Y","Bridgestone TURANZA T005 DRIVEGUARD - 245/45 R18 100Y XL - C/A/72 - pneumatico estivo con tecnologia DriveGuard Run-Flat (per auto e SUV/4X4)","B07NPNRT93","Bridgestone 61630 Pneumatico 245/45 R18 100Y Turanza T005 Xl, Bmw"
"8019227207484","B007W1QO96","Pirelli Cinturato P7 - 245/45R18 96Y - Pneumatico Estivo","B076YYSNFV","Pneumatici Estivi Pirelli P7 Cint. 245/45 R18 96Y"
"8019227247916","B01B2O3RYI","Pirelli Cinturato P7 XL FSL - 245/45R18 100Y - Pneumatico Estivo","B01NB19327","GOMME PNEUMATICI P7 CINTURATO (*) (MOE) RUN FLAT 245/45 R18 100Y PIRELLI"
"8019227251562","B06XY2CNQ2","PNEUMATICO ESTIVO PIRELLI - 245/40 ZR19 TL 98Y PI PZERO (J) XL","B01HRO3KGW","Pirelli P-Zero XL FSL - 245/40R19 98Y - Pneumatico Estivo"
"8019227251562","B06XY2CNQ2","PNEUMATICO ESTIVO PIRELLI - 245/40 ZR19 TL 98Y PI PZERO (J) XL","B076YZQRJR","Pneumatici Estivi Pirelli Pzero 245/40 R19 98Y"
"8808563383033","B071W9DY2M","GOMME PNEUMATICI RA18 VANTRA M+S 225/75 R16 121/120R HANKOOK","B014VPMQFQ","Hankook Vantra LT RA18 M+S - 225/75R16 121R - Pneumatico Estivo"
"8808563383033","B071W9DY2M","GOMME PNEUMATICI RA18 VANTRA M+S 225/75 R16 121/120R HANKOOK","B07CVCC5BV","Pneumatici Estivi Hankook Ra18 225/75 R16 121R"
"8808563575292","B0C5488BHR","HANKOOK 235/40 ZR19 96Y 4 Stagioni XL Auto","B0CBRR8LZF","235/40Zr19 Hankook Tl H750 All Season Xl (Nuovo) 96Y"
"8019227240467","B00FIYH6KK","Pirelli P Zero XL FSL - 235/35R19 91Y - Pneumatico Estivo","B07HJG1ZV2","1 PNEUMATICO 235/35 ZR19 TL 91Y PI PZERO (AR) XL"
"8019227244489","B075BY612C","PNEUMATICO INVERNALE PIRELLI - 245/40 VR18 TL 97V PI WIN SOTTOZERO 3 MO XL","B073NCZN22","Pirelli Winter Sottozero 3 XL FSL M+S - 245/40R18 97V - Pneumatico Invernale"
"8019227325522","B07N1TSZDT","Pirelli P-Zero XL FSL - 255/35R19 96Y - Pneumatico Estivo","B07NSTP73C","Pneumatici Estivi 255/35/19 96 Y PIRELLI PZERO PZ4 LU.SALOO J"
"8019227204100","B072KW6KB4","GOMME PNEUMATICI P7 CINTURATO RUN FLAT 225/45 R18 91Y PIRELLI","B0077I0EJA","Pirelli Cinturato P7 - 225/45/R18 91Y - E/B/71 - Pneumatico Estivos"
"8019227204100","B072KW6KB4","GOMME PNEUMATICI P7 CINTURATO RUN FLAT 225/45 R18 91Y PIRELLI","B00QAS7UP4","PNEUMATICO ESTIVO PIRELLI - 225/45 YR18 TL 91Y PI P7 CINTURATO RFT *"
"8019227261516","B0132XACLI","Pirelli P Zero XL FSL - 225/35R19 88Y - Pneumatico Estivo","B06XB5LKDB","GOMME PNEUMATICI PZERO XL 225/35 R19 88Y PIRELLI"
"4019238782028","B0BRQRFL38","CONTINENTAL 235/55HR19 TL CROSS LX SPORT FR (VOL) XL (EU) 105H","B01LY0AQEW","Continental CrossContact LX Sport XL FR M+S - 235/55R19 105H - Pneumatico Estivo"
"8019227260724","B06XVWW316","GOMME PNEUMATICI P7 CINTURATO (MOE) XL RUN FLAT 245/40 R18 97Y PIRELLI","B016D7SDCK","Pirelli Cinturato P7 XL FSL - 245/40R18 97Y - Pneumatico Estivo"
"8019227327564","B0842DGWHW","PIRELLI 215/55 R17 CINT.P7 (P7C2) s-i 94V SUMMER Cod:55515","B00VZNG9JC","Pirelli Cinturato P7 - 215/55R17 94V - Pneumatico Estivo"
"4019238597615","B07G8F98HJ","Pneumatici estivi 225/55 R17 101V Continental ContiVanContact™ 200 RFC MB","B00HNQ4GB8","Continental VANCONTACT 200 RF 225/55/R17 101 V - Pneumatico per Trasporti - B//B//72"
"4019238597615","B07G8F98HJ","Pneumatici estivi 225/55 R17 101V Continental ContiVanContact™ 200 RFC MB","B073S754LL","CONTINENTAL 225/55 R17 101V Estivo Auto"
"4019238620146","B06XW2H6GX","GOMME PNEUMATICI CROSSCONTACT LX SPORT M+S XL 235/60 R18 107V CONTINENTAL","B00NIPR958","Continental CrossContact LX Sport XL FR M+S - 235/60R18 107V - Pneumatico Estivo"
"4038526068835","B0BW4RVVGL","225/55Vr17 Goodyear Tl Ug Performance 3 Fp Xl 101V","B0C794Z434","GOMME PNEUMATICI GOODYEAR 225/55 R17 101V ULTRAGRIP PERFORMANCE 3 XL"
"4019238618501","B0132XYG8S","Continental WinterContact TS 850 P XL FR M+S - 225/50R17 98H - Pneumatico Invernale","B075W9ZBK6","PNEUMATICO INVERNALE CONTINENTAL - 225/50 HR17 TL 98H CO TS850 P AO XL"
"3528702727768","B07226QGK1","Pneumatico Estate Michelin PILOT SPORT 5 215/40ZR17 (87Y) XL","B0C664TDJM","MICHELIN 215/40 R17 87Y P.SPORT 5 XL FULL Ring VELVET"
"8808563546902","B0BT9DN6DH","Pneumatici 245/40 r19 94W FR Hankook K127 Ventus S1 evo3 Gomme estive nuove","B0C9T53VCD","245/40Wr19 Hankook Tl K127 94W"
"4019238032536","B08QDKXS82","Continental 73200 Pneumatico 235/55 R17 103W Premiumcontact 6","B086Q5W329","CONTINENTAL 235/55 R17 103W Estivo XL Auto"
"8019227243048","B00LNFZH5Y","Pirelli 225/65 R16C 112R/110R Carrier Winter Transporter Pneumatici invernali","B00LNFZH7M","Pirelli Carrier Winter M+S - 225/65R16 112R - Pneumatico Invernale"
"8019227243048","B00LNFZH5Y","Pirelli 225/65 R16C 112R/110R Carrier Winter Transporter Pneumatici invernali","B075HXFXJ8","PNEUMATICO INVERNALE PIRELLI - 225/65R16C 112/110R CARRIER WINTER"
"8019227254488","B01067GJ10","Pirelli Winter Sottozero 3 XL FSL M+S - 225/45R18 95H - Pneumatico Invernale","B075S4TNF8","PNEUMATICO INVERNALE PIRELLI - 225/45 R18 95 H SOTTOZERO3 MO XL M+S"
"4019238656909","B00NIPPMAW","Continental PremiumContact 5 - 235/55R17 99V - Pneumatico Estivo","B07BGBNG4Y","Pneumatici Estivi Continental Premium5 235/55 R17 99V"
"4038526068774","B0C6RC7Y32","225/50Hr17 Goodyear Tl Ug Performance 3 Fp 94H","B0CBFHL9DD","GOODYEAR 225/50 R17 94H Invernale XL Auto"
"4019238772418","B07228FZSV","Continental EcoContact 5 XL - 215/55R18 99V - Pneumatico Estivo","B06XXYXDTP","CONTINENTAL 215/55 R18 99V Estivo XL Fuoristrada"
"4019238772418","B07228FZSV","Continental EcoContact 5 XL - 215/55R18 99V - Pneumatico Estivo","B07BGFSXSX","Pneumatici Estivi Continental Eco 5 215/55 R18 99V"
"8019227195347","B007500FTY","Pirelli Scorpion Verde All Season 235/50/R18 97 V, B/C/71, pneumatico quattro stagioni (4x4)","B071J2BQBW","PNEUMATICO ESTIVO PIRELLI - 235/50 R 18 SCO.VERDE ALL S.97V"
"8019227183009","B0043QSO8W","Pirelli Cinturato P7 XL - 245/45R17 99Y - Pneumatico Estivo","B06XZHB66P","GOMME PNEUMATICI P7 CINTURATO (MO) XL 245/45 R17 99Y PIRELLI"
"8019227183009","B0043QSO8W","Pirelli Cinturato P7 XL - 245/45R17 99Y - Pneumatico Estivo","B00Q8UKTSY","Pneumatici Estivi Pirelli P7 Cint Mo 245/45 R17 99Y"
"4019238651614","B07G4FNNHP","Continental WinterContact TS 850 P FR M+S – 225/50R17 94H – Pneumatici invernali","B0755XK2TJ","PNEUMATICO INVERNALE CONTINENTAL - 225/50 HR17 TL 94H CO TS850 P AO FR"
"4019238651614","B07G4FNNHP","Continental WinterContact TS 850 P FR M+S – 225/50R17 94H – Pneumatici invernali","B00NN2G0WO","Continental WinterContact TS 850 P FR M+S - 225/50R17 94H - Pneumatico Invernale"
"8019227247930","B01MYGJEZD","GOMME PNEUMATICI P7 CINTURATO (*) (MOE) RUN FLAT 225/55 R17 97Y PIRELLI","B01B2O39PU","Pirelli Cinturato P7 FSL - 225/55R17 97Y - Pneumatico Estivo"
"8019227266184","B076YZDCL7","Pneumatici estivi PIRELLI 225/55 R17 97 Y P7 CINT * MO","B01MDNNLMV","PIRELLI 225/55 R17 97Y Estivo Auto"
"4019238659160","B07CMBWBBR","1x Pneumatico CONTINENTAL CONTISPORTCONTACT 5 (MO) 245/40 R18 97Y","B06VTQ1QKH","CONTINENTAL 245/40 R18 97Y Estivo XL Auto"
"4019238659160","B07CMBWBBR","1x Pneumatico CONTINENTAL CONTISPORTCONTACT 5 (MO) 245/40 R18 97Y","B06XBKKXTS","GOMME PNEUMATICI SPORTCONTACT 5 (MO) XL 245/40 R18 97Y CONTINENTAL"
"8019227205602","B00QAS8CQK","PIRELLI 235/60 R18 107V SCORPION VERDE A/S XL (LR) LAND ROVER M+S","B01MZI4RY3","GOMME PNEUMATICI SCORPION VERDE ALL SEASON XL 235/60 R18 107V PIRELLI"
"8019227205602","B00QAS8CQK","PIRELLI 235/60 R18 107V SCORPION VERDE A/S XL (LR) LAND ROVER M+S","B005P4UPBA","Pirelli Scorpion Verde All Season XL FSL M+S - 235/60R18 107V - Pneumatico Estivo"
"8019227247923","B01B7IZ44K","Pirelli Cinturato P7 XL FSL - 245/45R18 100Y - Pneumatico Estivo","B01NB1DHAD","GOMME PNEUMATICI P7 CINTURATO (*) (MO) XL 245/45 R18 100Y PIRELLI"
"4019238674873","B073SXGVRS","CONTINENTAL 225/55 R18 98V Estivo Fuoristrada","B01LEQ885M","Continental CrossContact LX 2 FR M+S - 225/55R18 98V - Pneumatico Estivo"
"3286342235615","B0BRP4WD31","245/45Yr17 Bridgestone Tl Turanza 6 Xl (Eu) 99Y","B0BQ7H76LR","Bridgestone TURANZA 6 ENLITEN - 245/45 R17 99Y XL - A/B/70 - Pneumatici estivi (per auto e SUV/4x4)"
"5452000578457","B01GTGN5AA","Goodyear Vector-4S G2 AO 215/55/R17 94 V - Anno-Round Pneumatici - B/C/69","B071YNFP7V","GOMME PNEUMATICI VECTOR 4 SEASON G2 (AO) 215/55 R17 94V GOODYEAR"
"8019227325911","B07BGDF9SX","Pirelli P-Zero FSL - 235/55R18 100V - Pneumatico Estivo","B07B537WW4","PIRELLI 235/55 R18 100V Estivo Auto"
"4038526068194","B0CCPQVTDD","205/50Hr17 Goodyear Tl Ug Performance 3 Fp Xl 93H","B0C8TXCJ6N","GOODYEAR 205/50 R17 93H Invernale XL Auto"
"8019227364408","B07WWJY3BM","PIRELLI 225/45 R18 91W CINTURATO P7 MO","B08G4PC6ZN","PIRELLI 225/45 R18 91W Estivo Auto"
"8019227190144","B0043QWFR8","Pirelli Scorpion Verde FSL - 235/55R17 99V - Pneumatico Estivo","B01NB1084J","GOMME PNEUMATICI SCORPION VERDE (AO) 235/55 R17 99V PIRELLI"
"8019227190144","B0043QWFR8","Pirelli Scorpion Verde FSL - 235/55R17 99V - Pneumatico Estivo","B00QAS24DC","PNEUMATICO ESTIVO PIRELLI - 235/55 R 17 SCO.VERDE(AO) 99V"
"4019238624427","B01MZI4TJK","CONTINENTAL 205/75 R16 110R Estivo LCamion Compatibilità con RENAULT Master 2 Furgonato FD Master 2 Pianale piatto/Telaio ED/HD/UD, FIAT Ducato Camion pianale/Telaio 250, 290, FORD","B06XXYKRM9","PNEUMATICO ESTIVO CONTINENTAL - 205/75 R16 TL 110R CO VANCONTACT 200"
"8019227230253","B00ARV31U8","Pirelli Cinturato P7 - 225/50R17 94W - Pneumatico Estivo","B06XKTKQX9","PIRELLI 225/50 R17 94W Estivo Runflat Auto"
"4019238526004","B009B5YYAM","Continental EcoContact 5 - 215/60R17 96V - Pneumatico Estivo","B07BG9GGZ1","Pneumatici Estivi Continental Eco 5 Mo 215/60 R17 96V"
"3286341320510","B097DWF2YD","GOMME PNEUMATICI TURANZA T005 (*) 225/55 R17 97W BRIDGESTONE","B015I95JSK","BRIDGESTONE 225/55 R17 97W TURANZA T005 *(BMW)"
"8019227190137","B01N4WDGMO","GOMME PNEUMATICI SCORPION VERDE (AO) 235/50 R18 97V PIRELLI","B005T39JMI","PIRELLI 235/50 R18 97V Estivo Fuoristrada"
"8019227190137","B01N4WDGMO","GOMME PNEUMATICI SCORPION VERDE (AO) 235/50 R18 97V PIRELLI","B00QAS22AW","PNEUMATICO ESTIVO PIRELLI - 235/50 R 18 SCO.VERDE(AO)97V"
"8019227241785","B071DP3F3H","GOMME PNEUMATICI P7 CINTURATO (AO) XL 245/40 R18 97Y PIRELLI","B01BPU9KK4","Pirelli Cinturato P7 XL - 245/40R18 97Y - Pneumatico Estivo"
"8808563507194","B0CB34FNDF","225/55Yr18 Hankook Tl K127* Mo Xl (Eu)102Y","B0BSKXD7FH","HANKOOK 225/55 R18 102Y Estivo XL Auto"
"3286342055114","B096Z1D2ZP","235/60Wr18 Bridgestone Tl Turanza 6 Xl 107W","B0BTHK16BF","Bridgestone TURANZA 6 ENLITEN - 235/60 R18 107W XL - A/A/70 - Pneumatici estivi (per auto e SUV/4x4)"
"8019227194944","B0043QP7A0","Pirelli P Zero XL FSL - 245/40R18 97Y - Pneumatico Estivo","B06XBGTZ19","GOMME PNEUMATICI PZERO (MO) XL 245/40 R18 97Y PIRELLI"
"3286340740418","B072BB1TZD","GOMME PNEUMATICI DUELER H/T D687 M+S 235/55 R18 100H BRIDGESTONE","B00NN32A1S","B/ridgestone D-687 235/55/R18 100 H - Pneumatico All Season - E/C/70"
"3286340740418","B072BB1TZD","GOMME PNEUMATICI DUELER H/T D687 M+S 235/55 R18 100H BRIDGESTONE","B07BGD6R7T","BRIDGESTONE 235/55 R18 100H Estivo Fuoristrada"
"8019227172300","B06XW22QWB","GOMME PNEUMATICI PZERO (MO) XL 235/40 R18 95Y PIRELLI","B002C7X722","Pirelli P Zero XL FSL - 235/40R18 95Y - Pneumatico Estivo"
"3286340657310","B01N19AFG4","GOMME PNEUMATICI DUELER H/T D687 M+S 225/65 R17 102H BRIDGESTONE","B00CBMUJ5Q","B/ridgestone D-687 225/65/R17 102 H - Pneumatico All Season - E/C/71"
"4019238078541","B07J35S339","CONTINENTAL - UltraContact - 205/60 R 16-92V/B/A/69dB - Pneumatico estivo","B0BR5GPP27","CONTINENTAL 205/60 R16 92V ULTRACONTACT"
"8808563453507","B0CBNH952Z","235/55Hr17 Hankook Tl K125A Xl (Eu)103H","B0BRL5BKCT","HANKOOK 235/55 R17 103H VENTUS PRIME 3 K125A XL"
"3286342054919","B0BRSVF6H8","Bridgestone TURANZA 6 ENLITEN - 225/55 R18 98V - A/B/69 - Pneumatici estivi (per auto e SUV/4x4)","B0C5GVNG4G","225/55Vr18 Bridgestone Tl Turanza 6 (Eu) 98V"
"4019238779455","B076YYVJ2T","Pneumatici Estivi Continental Csc3 245/40 R18 93Y","B01M65E6PN","Continental SportContact 3 FR - 245/40R18 93Y - Pneumatico Estivo"
"4019238779455","B076YYVJ2T","Pneumatici Estivi Continental Csc3 245/40 R18 93Y","B06XXV7SK8","CONTINENTAL 245/40 R18 93Y Estivo Auto"
"4024068000570","B07DLX7SL7","UNIROYAL 215/65R16C 109/107T A/S MAX 73CA","B07DL5313W","UNIROYAL 215/65 R16 109T 4 Stagioni LCamion"
"8019227274301","B01GG6F03I","Pirelli P-Zero XL FSL - 245/45R18 100Y - Pneumatico Estivo","B06XXNT6QH","PNEUMATICO ESTIVO PIRELLI - 245/45ZR18 (100Y)XL P-ZERO NEW"
"4019238786927","B06XWDC8L4","Continental VanContact 4Season M+S - 195/70R15 104R - Pneumatico 4 stagioni","B07CMG7SBL","CONTINENTAL 195/70 R15 104R 4 Stagioni LCamion Compatibilità con RENAULT Master 2 Furgonato FD, CITROËN BERLINGO Furgonato B9, PEUGEOT PARTNER Furgonato"
"8019227251838","B01BLBU02Y","Pirelli Scorpion Verde All Season FSL M+S - 215/65R17 99V - Pneumatico 4 stagioni","B072Q2B59Y","GOMME PNEUMATICI SCORPION VERDE ALL SEASON SEAL INSIDE 215/65 R17 99V PIRELLI"
"8714692361487","B08GQF88T8","VREDESTEIN WINTRAC XL 215/55R16 97H TL","B08L1H8BV1","VREDESTEIN 215/55 R16 97H Invernale XL Auto"
"8808563382975","B01MZI4SG3","GOMME PNEUMATICI RA18 VANTRA M+S 205/75 R16 113/111R HANKOOK","B00UAMDZVY","Hankook Vantra LT RA18 M+S - 205/75R16 113R - Pneumatico Estivo"
"4019238772333","B01N5P4O1G","Continental PremiumContact 6 FR - 215/45R17 87Y - Pneumatico Estivo","B06XY2CNPY","PNEUMATICI ESTIVI CONTINENTAL CONTI PREMIUM CONTACT 6 215/45 R17 87Y"
"8019227235067","B00D03YHE4","Pirelli Winter Sottozero 3 XL FSL M+S - 215/50R17 95V - Pneumatico Invernale","B0755SGVPL","PNEUMATICO INVERNALE PIRELLI - 215/50R17 95V XL WINTER SOTTOZERO 3 M+S"
"8808563340173","B0C8RMRW3S","225/60Hr17 Hankook Tl Ra33 (nuovo) 99H","B07D1PWNVB","HANKOOK 225/60 R17 99H DYNAPRO HP2 RA33 M+S"
"8714692361470","B08GG87H3J","VREDESTEIN WINTRAC 215/55R16 93H TL","B08G4NC7K9","VREDESTEIN WINTRAC 215/55R16 93H"
"8808563340388","B072QZFH4S","GOMME PNEUMATICI K117 VENTUS S1 EVO 2 (AO) 245/40 R18 93Y HANKOOK","B01BRAORS2","Hankook Ventus S1 evo2 K117 FR - 245/40R18 93Y - Pneumatico Estivo"
"8019227252002","B01C70IA70","Pirelli Scorpion Verde - 215/65R17 99V - Pneumatico Estivo","B07BGHYMJS","Pneumatici Estivi Pirelli Sc Verde 215/65 R17 99V"
"8019227204025","B0077I0FS0","Pirelli Cinturato P7 FSL - 205/55R16 91W - Pneumatico Estivo","B01N19AEWF","GOMME PNEUMATICI P7 CINTURATO (*) RUN FLAT 205/55 R16 91W PIRELLI"
"8019227246254","B06Y4X1JDT","GOMME PNEUMATICI P7 CINTURATO (*) RUN FLAT 225/40 R18 92Y PIRELLI","B0171E18XA","Pirelli Cinturato P7 XL - 225/40R18 92Y - Pneumatico Estivo"
"3286342089010","B0BRPBNZHQ","BRIDGESTONE 195/75 R16C 110/108R DURAVIS VAN","B0C6KVW5L1","BRIDGESTONE 195/75 R16 110/108R Estivo LCamion"
"3286342603919","B0BT8DMGMW","195/55Hr20 Bridgestone Tl Turanza 6 Xl 95H","B0BQ7KZX34","Bridgestone TURANZA 6 ENLITEN - 195/55 R20 95H XL - A/B/70 - Pneumatici estivi (per auto e SUV/4x4)"
"3528706006937","B0BSH6PHB5","MICHELIN 195/60 R15 88V PRIMACY 4","B07P75HWXG","Pneumatico Estate Michelin PRIMACY 4 195/60R15 88V"
"8714692361517","B08LF2N8CN","215/65HR16 VREDESTEIN TL WINTRAC XL (EU)102H *E*","B08GGBYHG4","215/65HR16 VREDESTEIN TL WINTRAC XL (EU)102H E"
"8808563471792","B0CD24Y2HN","235/65Vr17 Hankook Tl K125A Xl (nuovo)108V","B0BRCK75W4","HANKOOK 235/65 R17 108V VENTUS PRIME 3 K125A XL"
"8808563285351","B06XZHJZ8M","GOMME PNEUMATICI K115 VENTUS PRIME 2 215/50 R17 91V HANKOOK","B00Q8UIA26","HANKOOK 215/50 VR17 TL 91V HA K115 VEN PRIME 2"
"4024068002932","B0846LT1JK","Uniroyal 72117 Pneumatico 205/55 R17 95V Rainsport 5 Xl","B08GKQFXQP","UNIROYAL 205/55 R17 95V Estivo XL Auto"
"5452000654144","B071V72MT4","GOMME PNEUMATICI EFFICIENTGRIP PERFORMANCE XL 185/60 R15 88H GOODYEAR","B00AZTLY9C","Goodyear EfficientGrip Performance XL - 185/60R15 88H - Pneumatico Estivo"
"8714692361333","B08GQFG33S","Vredestein Pneumatici invernali per auto 195/55 R16 91H Wintrac XL","B08G4PSS67","VREDESTEIN 195/55 R16 91H Invernale XL Auto"
"4019238456226","B06XW23WSZ","Pneumatico estivo Continental SPORTCONTACT 5 225/45 R17 91W","B00QARKM4Q","PNEUMATICO ESTIVO CONTINENTAL - 225/45 WR17 TL 91W CO CSC 5 MO"
"8714692361326","B08G4SJ5D2","VREDESTEIN 195/55 R16 87H wintrac","B08GG9RSTY","195/55HR16 VREDESTEIN TL WINTRAC (EU) 87H E"
"5452000654755","B00AZTJP8E","Goodyear EfficientGrip Performance XL FP - 225/40R18 92W - Pneumatico Estivo","B071FRDJF6","GOMME PNEUMATICI EFFICIENTGRIP PERFORMANCE XL 225/40 R18 92W GOODYEAR"
"5452000654755","B00AZTJP8E","Goodyear EfficientGrip Performance XL FP - 225/40R18 92W - Pneumatico Estivo","B00COMW1T0","GOODYEAR 225/40WR18 92 W XL EfficientgrIP PERFORMA"
"8714692361401","B08GGC8B2V","VREDESTEIN 205/55 R16 94H wintrac XL","B08G4BHMF1","205/55HR16 VREDESTEIN TL WINTRAC XL (EU) 94H"
"8808563411927","B071JC7BD4","GOMME PNEUMATICI K125 VENTUS PRIME 3 205/65 R15 94H HANKOOK","B06X9LFQHZ","HANKOOK 205/65 R15 94H VENTUS PRIME 3 K125"
"8808563411927","B071JC7BD4","GOMME PNEUMATICI K125 VENTUS PRIME 3 205/65 R15 94H HANKOOK","B07FK5ZV23","1x Pneumatico HANKOOK VENTUS PRIME 3 (K125) 205/65 R15 94H"
"8019227215380","B06XVL2GFT","GOMME PNEUMATICI P7 CINTURATO (MO) 225/45 R17 91W PIRELLI","B00ARV300Y","Pirelli Cinturato P7 - 225/45/R17 91W - E/B/71 - Pneumatico Estivos"
"4024068000532","B07CVB6V77","Gomme Uniroyal Allseasonmax 195/70R15C 104/102R TL 4 stagioni per Furgoncini","B07CYQR2LX","Gomme Uniroyal Allseasonmax 195/70R15C 104/102R TL 4 stagioni per Furgoncini"
"5420068662524","B00OZXOF9A","Tristar Snowpower SUV XL - 275/40R20 106V - Pneumatico Invernale","B0767HJVN5","PNEUMATICO INVERNALE TRISTAR - 275/40 R 20 106V XL Snowpower SUV"
"8714692361432","B08GG8VPLY","205/60HR16 VREDESTEIN TL WINTRAC (EU) 92H *E*","B08KNZ5QD8","Vredestein 78018 Pneumatico 205/60 R16 92H Wintrac Inverno"
"3528709312356","B008RMHSM6","Michelin EN SAVER + 175/65/R14 82 H - Pneumatico Estivo - B/C/68","B01MUVVAY8","Pneumatici Michelin E. Mic 175/65-14TL H 82E. Saver +"
"8808563413938","B07BR4XDWB","Pneumatici Estivi Hankook K125 185/55 R15 86V","B071ZQJ1QN","GOMME PNEUMATICI K125 VENTUS PRIME 3 XL 185/55 R15 86V HANKOOK"
"8808563413938","B07BR4XDWB","Pneumatici Estivi Hankook K125 185/55 R15 86V","B01N5QKJNR","Hankook Ventus Prime3 K125 XL FR - 185/55R15 86V - Pneumatico Estivo"
"8808563413938","B07BR4XDWB","Pneumatici Estivi Hankook K125 185/55 R15 86V","B07G18XDXH","Hankook Ventus Prime3 K125 XL FR – 185/55R15 86V – Pneumatici estivi"
"4038526067852","B0BW4NM88H","185/65Tr15 Goodyear Tl Ug Performance 3 Xl 92T","B0C79GVS4W","GOODYEAR 185/65 R15 92T Invernale XL Auto"
"5420068623020","B0131F7MUG","IMPERIAL 245/65 R17 107H Invernale Fuoristrada","B07HNMCM12","Pneumatici invernali IMPERIAL 245/65 R17 107H SNOWDR SUV M+S"
"5420068662494","B075C6P3FD","PNEUMATICO INVERNALE TRISTAR - 255/55 R 18 109H XL Snowpower SUV","B00OZXOD06","TRISTAR Pneumatico Auto Invernale 255/55 R18 Snowpower Suv XL Velocità 109 H"
"3528706840579","B008RMHZBK","Pneumatico Estate Michelin ENERGY SAVER+ 165/70R14 81T","B01MUTILZ3","GOMME PNEUMATICI ENERGY SAVER + 165/70 R14 81T MICHELIN"
"6927116171919","B07G1VM6YV","Pneumatici estivi WESTLAKE 275/45 R19 108V SU318 XL","B07D583GHZ","Pneumatici Estivi Westlake Su318 275/45 R19 108V"
"3528707711168","B008RMI18Q","Michelin EN SAVER + 175/65/R14 82 T - Pneumatico Estivo - B/C/68","B07BGCRLF9","Pneumatici Estivi Michelin Energy Sav 175/65 R14 82T"
"5420068665242","B0728HLQRZ","PNEUMATICO ESTIVO TRISTAR - 245/65 R 17 111H XL Sportpower SUV","B06Y1ZYZXC","TRISTAR 245/65 R17 111H Estivo XL Fuoristrada"
"5452000468512","B01067LONI","Goodyear Vector-4S G2 OP 185/65/R15 88 T - Anno-Round Pneumatici - B/C/69","B07BGFT7W2","Pneumatici 4 stagioni Goodyear Vect4S G2 185/65 R15 88T"
"4024068669746","B00UAIK0RK","Uniroyal RainExpert 3 - 185/70/R13 86T - E/B/70 - Pneumatico Estivos","B06XRQKVH9","Pneumatici Uniroyal E. Uni 185/70-13TL T 86R. exp3"
"5420068665839","B0767HWDGJ","PNEUMATICO INVERNALE TRISTAR - 255/45 R 18 103V XL Snowpower UHP M+S","B07H3GZ7RY","Pneumatico invernale TRISTAR 255/45 R 18 103V XL Snowpower UHP"
"8019227232899","B06XZJ79FM","GOMME PNEUMATICI P7 CINTURATO 205/55 R16 91V PIRELLI","B06XXHWX77","PNEUMATICO ESTIVO PIRELLI - 205/55 VR16 TL 91V PI P7 CINT ECO IMPACT"
"8019227232899","B06XZJ79FM","GOMME PNEUMATICI P7 CINTURATO 205/55 R16 91V PIRELLI","B008RLSK5Q","Pirelli Cinturato P7 - 205/55R16 91V - Pneumatico Estivo"
"5420068662500","B00OZXOE3C","Tristar Snowpower 2 XL - 235/55R19 105V - Pneumatico Invernale","B076YXX2CM","TRISTAR 235/55 R19 105V Invernale XL Auto"
"5420068624119","B01M9C6O7H","Imperial Snowdragon3 XL - 245/40R19 98V - Pneumatico Invernale","B07G8JW419","IMPERIAL 245/40 R19 98V Invernale XL Auto"
"5420068663507","B071Y68G3Z","Tristar Snowpower 2 XL M+S - 255/35R19 96V - Pneumatico Invernale","B0763NMJDN","PNEUMATICO INVERNALE TRISTAR - 255/35 R 19 96V XL Snowpower2 M+S"
"8714692361388","B08TX3TFJW","195/65TR15 VREDESTEIN TL WINTRAC XL (EU) 95T *E*","B08G4MF7DR","VREDESTEIN 195/65 R15 95T Invernale XL Auto"
"5420068662418","B075SCJ7ZD","PNEUMATICO INVERNALE TRISTAR - 225/65 R 17 102H Snowpower SUV","B01067FHFY","Tristar Snowpower SUV - 225/65R17 102H - Pneumatico Invernale"
"5420068662418","B075SCJ7ZD","PNEUMATICO INVERNALE TRISTAR - 225/65 R 17 102H Snowpower SUV","B07G4D98HS","PNEUMATICI GOMME INVERNALI TRISTAR SNOWPOWER SUV 225/65R17 102H TL"
"5420068662425","B00OZXO9LE","Tristar Snowpower SUV XL - 235/65R17 108H - Pneumatico Invernale","B075C3L9SW","PNEUMATICO INVERNALE TRISTAR - 235/65 R 17 108H XL Snowpower SUV"
"5420068662487","B016D7QTUS","Tristar Snowpower SUV XL - 235/60R18 107H - Pneumatico Invernale","B0763P9LDK","PNEUMATICO INVERNALE TRISTAR - 235/60 R 18 107H XL Snowpower SUV"
"5420068663491","B071Y6HNNZ","Tristar Snowpower 2 XL M+S - 255/40R19 100V - Pneumatico Invernale","B075C4K4MF","TRISTAR 255/40 R19 100V Invernale XL Auto"
"8808563411767","B072JKMYBJ","GOMME PNEUMATICI K125 VENTUS PRIME 3 195/50 R15 82H HANKOOK","B07G8K3FJQ","GOMME PNEUMATICI K125 VENTUS PRIME 3 195/50 R15 82H HANKOOK"
"5420068665303","B071CVRLCV","Tristar Sportpower SUV XL - 235/60R18 107W - Pneumatico Estivo","B0728HLV3X","PNEUMATICO ESTIVO TRISTAR - 235/60 R 18 107W XL Sportpower SUV"
"8808563590714","B07SMFRJWG","195/65Tr15 Hankook Tl K435 (Eu) 91T","B0BRPL914J","GOMME PNEUMATICI HANKOOK 195/65 R15 91T K435 KINERGY ECO 2"
"5420068663460","B071DJKDKD","Tristar Snowpower 2 XL M+S - 235/45R18 98V - Pneumatico Invernale","B0767JJJ4G","PNEUMATICO INVERNALE TRISTAR - 235/45 R 18 98V XL Snowpower2 M+S"
"5420068661985","B0762PSG24","PNEUMATICO INVERNALE TRISTAR - 235/50 R 18 SNOWPOWER2 XL 101V","B00OZXNMWQ","Tristar Snowpower 2 XL M+S - 235/50R18 101V - Pneumatico Invernale"
"8808563590691","B0BHSQP8D6","185/65TR15 HANKOOK TL K435 (EU) 88T","B077L3J718","HANKOOK Radiale 185/65 R15 88T KINERGY ECO 2 K435"
"5420068662111","B016D5FZ6E","Tristar Snowpower 2 XL M+S - 235/35R19 91V - Pneumatico Invernale","B0762NSXLN","PNEUMATICO INVERNALE TRISTAR - 235/35 R 19 91V XL Snowpower2"
"5420068665860","B076F7NR2Q","PNEUMATICO INVERNALE TRISTAR - 215/55 R 18 99V XL Snowpower UHP M+S","B07J21BPLW","TRISTAR 215/55 R18 99V Invernale Auto"
"5420068662456","B0767GC17M","PNEUMATICO INVERNALE TRISTAR - 215/60 R 17 96H Snowpower2","B00OZXOB7G","Tristar Snowpower 2 - 215/60R17 96H - Pneumatico Invernale"
"5420068665044","B079HYBHJG","1x Pneumatico TRISTAR SPORTPOWER 2 235/35 R19 91Y Estivo","B06Y216SG3","TRISTAR 235/35 ZR19 91Y Estivo XL Auto"
"5420068662043","B00OZXNR62","Tristar Snowpower 2 XL M+S - 245/45R17 99V - Pneumatico Invernale","B0763PJC3K","TRISTAR 245/45 R17 99V Invernale XL Auto"
"5420068665228","B06Y2D2BXR","Tristar Sportpower SUV - 225/65R17 102H - Pneumatico Estivo","B072C3F8S2","TRISTAR 225/65 R17 102H Estivo Fuoristrada"
"5420068665327","B072C3FBG3","PNEUMATICO ESTIVO TRISTAR - 215/55 R 18 99V XL Sportpower SUV","B06Y1Z48SW","Tristar Sportpower SUV XL - 215/55R18 99V - Pneumatico Estivo"
"5420068621989","B07GJLTB2M","1x Pneumatico IMPERIAL SNOWDRAGON 3 235/35 R19 91V","B00OZC2H1O","IMPERIAL 235/35 R19 91V Invernale XL Auto"
"8808563411378","B079P79CGJ","Hankook Kinergy ECO 2 K435 165/65R14 79T Pneumatico Estivos","B07BGHX7W8","Pneumatici Estivi Hankook K435 165/65 R14 79T"
"8714692800818","B07F7PVTSL","175/70 TR13 TL 82T VRED QUATRAC 5","B09ZJ1RQ95","VREDESTEIN 175/70 R13 82T 4 Stagioni Auto"
"5420068621132","B07G1VHN32","Pneumatici estivi IMPERIAL 205/80 R16 104S RF07 4X4 XL","B00AUAFJC4","IMPERIAL 205/80 R16 104S Estivo XL Fuoristrada"
"5420068662050","B075PTBJWR","PNEUMATICO INVERNALE TRISTAR - 225/45 R 18 SNOWPOWER2 XL 95V","B00OZXNS02","Tristar Snowpower 2 XL M+S - 225/45R18 95V - Pneumatico Invernale"
"4024068669326","B00TIN1IUQ","Uniroyal RainExpert 3 - 155/80/R13 79T - E/B/70 - Pneumatico Estivos","B06XDZ6R9R","Pneumatici Uniroyal E. Uni 155/80-13TL T 79R. exp3"
"5420068622894","B0131F14IM","IMPERIAL 205/50 R16 91H Invernale XL Auto","B07G241V7N","Pneumatici invernali IMPERIAL 205/50 R16 91H SNOWDR3 XL M+S"
"5420068645169","B079P49SG1","GOMME PNEUMATICI ECOPLUS SUV 235/60 R16 100V FORTUNA","B078NVJ69R","FORTUNA 235/60 R16 100V Estivo Fuoristrada"
"5420068625673","B078NVF58K","Pneumatici Estivi Imperial Ecosport2 215/45 R18 93Y","B07B57PXDZ","Pneumatico estivo IMPERIAL 215/45 R18 93 Y ECOSPORT2 XL"
"5420068664771","B071J2BZP7","PNEUMATICO ESTIVO TRISTAR - 225/55 R 17 101W XL Sportpower2","B071Y4HCBS","Tristar Sportpower 2 XL - 225/55R17 101W - Pneumatico Estivo"
"5420068625659","B07G23D386","Pneumatici estivi IMPERIAL 225/45 R17 94 Y ECOSPORT2 XL","B06XTV8RQC","IMPERIAL 225/45 ZR17 94Y Estivo XL Auto"
"5420068628544","B07S29H7CX","Pneumatici 4 stagioni IMPERIAL 215/40 R17 87 W AS DRIVER XL M+S","B07RPGWC3T","IMPERIAL 215/40 R17 87W 4 Stagioni XL Auto"
"5420068663392","B06Y26NB9H","Tristar Snowpower HP M+S - 215/70R15 98T - Pneumatico Invernale","B075PT6JVD","PNEUMATICO INVERNALE TRISTAR - 215/70 R 15 98T Snowpower HP M+S"
"5420068664986","B072PQVQL4","PNEUMATICO ESTIVO TRISTAR - 225/40 R 18 92Y XL Sportpower2","B06ZZ2LS9S","Tristar Sportpower 2 XL - 225/40R18 92Y - Pneumatico Estivo"
"4024068000679","B07CSHY4WV","Uniroyal AllSeasonExpert 2 M+S - 155/80R13 79T - Pneumatico 4 stagioni","B07CZD3M4C","Pneumatici 4 stagioni Uniroyal As Expert 155/80 R13 79T"
"5420068644148","B01NBVE96P","Fortuna EcoPlus UHP XL - 225/45R18 95W - Pneumatico Estivo","B079HX7KFF","1x Pneumatico FORTUNA ECOPLUS UHP 225/45 R18 95W"
"5420068644148","B01NBVE96P","Fortuna EcoPlus UHP XL - 225/45R18 95W - Pneumatico Estivo","B07F7NDZ6Q","Pneumatici estivi FORTUNA 225/45 R18 95W ECOPLUS UHP XL"
"5420068625482","B07G1VR2KZ","Pneumatici estivi IMPERIAL 225/55 R16 99 V ECODRIVER5 XL","B01MZF8J00","IMPERIAL 225/55 R16 99V Estivo XL Auto"
"5420068663934","B071Y6RM1R","Tristar Snowpower HP XL M+S - 205/60R16 96H - Pneumatico Invernale","B0767QNWF6","PNEUMATICO INVERNALE TRISTAR - 205/60 R 16 96H XL Snowpower HP M+S"
"5420068663941","B06ZY741QZ","Tristar Snowpower HP XL M+S - 215/60R16 99H - Pneumatico Invernale","B075HX5L4S","PNEUMATICO INVERNALE TRISTAR - 215/60 R 16 99H XL Snowpower HP M+S"
"5420068626496","B07B5H9GB4","Pneumatici invernali IMPERIAL 195/65 R14 89 T SNOWDRAGON HP M+S","B077MVZ3YJ","IMPERIAL 195/65 R14 89T Invernale Auto"
"5420068627202","B07NSJ66X4","215/40R17 87Y XL IMPERIAL ECOSPORT 2 (F205) ESTIVO","B0792GGDL4","Pneumatici Estivi Imperial Ecosport2 215/40 R17 87Y"
"5420068644032","B01N6XA61M","Fortuna EcoPlus UHP XL - 215/50R17 95W - Pneumatico Estivo","B07G257KJP","Pneumatici estivi FORTUNA 215/50 R17 95W ECOPLUS UHP XL"
"5420068644285","B01MR6NEY7","Fortuna EcoPlus UHP XL - 225/35R19 88W - Pneumatico Estivo","B07G1ZT5R3","Pneumatici estivi FORTUNA 225/35 R19 88W ECOPLUS UHP XL"
"4024068443001","B003HF11I0","Uniroyal Rain Max 2 - 165/70R13 88R - Pneumatico Estivo","B01NC2RFV4","UNIROYAL 165/70 R13 88/86R Estivo LCamion"
"8714692277818","B00B9BQSUK","Vredestein T-Trac 2 - 175/65R14 82T - Pneumatico Estivo","B07BG9QPK1","VREDESTEIN 175/65 R14 82T Estivo Auto"
"5420068663675","B07228TPD4","Tristar Snowpower HP M+S - 205/70R15 96T - Pneumatico Invernale","B0775VZT9S","PNEUMATICO INVERNALE TRISTAR - 205/70 R 15 96T Snowpower HP M+S"
"5420068664801","B06Y2BBCBT","Tristar Sportpower 2 XL - 205/50R17 93W - Pneumatico Estivo","B071P7NNFF","PNEUMATICO ESTIVO TRISTAR - 205/50 R 17 93W XL Sportpower2"
"5420068665457","B0728HLQM5","PNEUMATICO ESTIVO TRISTAR - 215/60 R 16 95H Ecopower4","B071R3FT11","TRISTAR 215/60 R16 95H Estivo Auto"
"5420068665808","B0767M1266","PNEUMATICO INVERNALE TRISTAR - 195/50 R 16 88V XL Snowpower HP M+S","B07GPPLJ1N","TRISTAR 195/50 R16 88V Invernale Auto"
"5420068661947","B075CBW6W9","PNEUMATICO INVERNALE TRISTAR - 205/50 R 16 91H XL Snowpower2","B00OZXNJ6U","Tristar Snowpower 2 XL M+S - 205/50R16 91H - Pneumatico Invernale"
"5420068621903","B07FK11TW4","1x Pneumatico IMPERIAL SNOWDRAGON 3 205/45 R16 87H","B00F9FCJGY","IMPERIAL 205/45 R16 87H Invernale XL Auto"
"5420068665464","B07G22MNSZ","Pneumatici estivi TRISTAR 205/55 R16 XL 94V Ecopower4","B06ZZG1SV4","Tristar Ecopower 4 XL - 205/55R16 94V - Pneumatico Estivo"
"5420068626519","B07B5BZ49F","Pneumatici invernali IMPERIAL 195/50 R16 88 V SNOWDRAGON HP XL M+S","B077MN18PK","Pneumatici Invernali Imperial Snowdragon 195/50 R16 88V"
"5420068627110","B078JZ2671","Pneumatici Estivi Imperial Ecodriver4 185/55 R16 87V","B07B5BF69N","IMPERIAL 185/55 R16 87V Estivo XL Auto"
"5420068621057","B07G1VT747","Pneumatici estivi IMPERIAL 175/65 R14 90 T EcoDriver2 6PR","B00AJPVKBO","IMPERIAL 175/65 R14 90T Estivo Auto"
"5420068627158","B07B5C2MZ9","Pneumatico estivo IMPERIAL 195/50 R16 84 V ECODRIVER5","B078JP6TDV","IMPERIAL 195/50 R16 84V Estivo XL Auto"
"5420068666478","B07CM7ZL1Z","Pneumatici Estivi Tristar Sportpower 195/45 R17 85W","B07DQF4192","TRISTAR 195/45 R17 85W Estivo XL Auto"
"5420068623983","B01IA7HWUU","Imperial EcoDriver3 - 185/55R16 83V - Pneumatico Estivo","B07G8F59ZM","IMPERIAL 185/55 R16 83V Estivo Auto"
"5420068624959","B01MTZPXZK","Imperial 5420068624959 – 165/70/R14 89R – e/e/72db – Transport pneumatici","B07F87Z588","IMPERIAL 165/70 R14 89R Estivo LCamion"
"5420068663972","B06Y27Y2ZM","Tristar Snowpower HP M+S - 195/55R15 85H - Pneumatico Invernale","B075C7KK5W","PNEUMATICO INVERNALE TRISTAR - 195/55 R 15 85H Snowpower HP M+S"
"5420068626854","B07B5N8RVQ","Imperial EcoDriver 4 175/70R14 84T Pneumatico Estivos","B078NTSRZS","IMPERIAL 175/70 R14 84T Estivo Auto"
"5420068682164","B01BNMJTX2","Superia Bluewin HP M+S - 185/60R15 84T - Pneumatico Invernale","B07G8GRPDS","GOMME PNEUMATICI BLUEWIN HP 185/60 R15 84T SUPERIA"
"5420068663965","B075PTDDCJ","PNEUMATICO INVERNALE TRISTAR - 185/55 R 15 82H Snowpower HP M+S","B071CL88Q7","TRISTAR 185/55 R15 82H Invernale Auto"
"5420068624461","B07G32Z47R","1 pneu IMPERIAL SNOWDRAGON HP 165/60 R14 79T","B07F7P74ZH","Pneumatici invernali IMPERIAL 165/60 R14 79T SNOWDR HP XL M+S"
"5420068624461","B07G32Z47R","1 pneu IMPERIAL SNOWDRAGON HP 165/60 R14 79T","B01M0PRHFT","IMPERIAL 165/60 R14 79T Invernale XL Auto"
"5420068627035","B078NVQ7CV","Pneumatici Estivi Imperial Ecodriver4 175/60 R15 81V","B07B58H41C","Imperial EcoDriver 4 175/60R15 81V Pneumatico Estivos"
"6971901476079","B07R1T22TR","Pneumatici estivi FIREMAX 195/65 R15 91 H FM601","B01FNJRDNE","Firemax 32938 Pneumatico 195/65 R15 91H Fm601"
"5420068663620","B06ZYVQYQP","Tristar Snowpower HP XL M+S - 165/70R14 85T - Pneumatico Invernale","B0772TTH2N","TRISTAR 165/70 R14 85T Invernale XL Auto"
"6927116179823","B07G89HV7B","GOODRIDE 155/80R13 79T TL TL 79 T SW 608 SNOWMASTER","B00QKR9PGW","GOODRIDE 155/80 R13 79T Invernale Auto"
"5420068660094","B00OZXXRNK","Tristar Ecopower - 185/70R13 86T - Pneumatico Estivo","B074PS3V9B","PNEUMATICO ESTIVO TRISTAR - 185/70 R 13 86T Ecopower"
"5420068663545","B075HXBLKB","PNEUMATICO INVERNALE TRISTAR - 145/80 R 13 75T Snowpower HP M+S","B06Y1ZZ2FG","TRISTAR 145/80 R13 75T Invernale Auto"
"5420068663552","B075PV2PVX","PNEUMATICO INVERNALE TRISTAR - 155/80 R 13 79T Snowpower HP","B06Y2CMXLT","TRISTAR 155/80 R13 79T Invernale Auto"
"5420068681334","B0132WS9XW","Superia Ecoblue HP - 165/65R14 79T - Pneumatico Estivo","B0CTN2LK9N","Superia ECOBLUE HP 165/65 R14 79T Pneumatico Estivo Auto"
"5420068626915","B077MRDXDQ","Pneumatici Estivi Imperial Ecodriver4 155/65 R13 73T","B07B5L297W","IMPERIAL 155/65 R13 73T Estivo Auto"
"5420068681235","B00Z5PC0XK","Superia Ecoblue HP XL - 145/80R13 79T - Pneumatico Estivo","B07GNVTXJR","Superia 145/80 TR13 79T XL ECOBLUE HP, Pneumatico Touring"
"5420068643578","B01NAYMLJR","Fortuna EcoPlus HP - 145/60R13 66T - Pneumatico Estivo","B0793R11JN","FORTUNA 145/60 R13 66T Estivo Auto"
"5420068666218","B07CM89FX4","Pneumatici Estivi Tristar Ecopower3 165/65 R13 77T","B07CMN1S3Y","TRISTAR 165/65 R13 77T Estivo Auto"
"5420068681389","B01BNML7DM","Superia Ecoblue HP - 145/60R13 66T - Pneumatico Estivo","B07F7LF97Y","GOMME PNEUMATICI ECOBLUE HP 145/60 R13 66T SUPERIA"
